,PL biogas CHP industrial 2023,PL biogas CHP public 2023,PL biogas production industrial 2023,PL biomass wood CHP industrial 2023,PL biomass wood CHP public 2023,PL hard coal CHP industrial 2023,PL hard coal CHP public 2023,PL natural gas CHP old industrial 2023,PL natural gas CHP old public 2023,PL other CHP industrial 2023
0,-34.3,-188.06256000000002,-88.2,-182.0,-260.0,-236.9,-2323.0867200000002,-785.2,-1659.06336,-275.0
1,-34.3,-188.96976,-88.2,-182.0,-260.0,-236.9,-2334.2931200000003,-785.2,-1667.06656,-275.0
2,-34.3,-188.96976,-88.2,-182.0,-260.0,-236.9,-2334.2931200000003,-785.2,-1667.06656,-275.0
3,-34.3,-192.68928000000002,-88.2,-182.0,-260.0,-236.9,-2380.2393600000005,-785.2,-1699.87968,-275.0
4,-34.3,-203.57568000000003,-88.2,-182.0,-260.0,-236.9,-2514.7161600000004,-785.2,-1795.9180800000001,-275.0
5,-34.3,-210.0,-88.2,-182.0,-260.0,-236.9,-2876.6828800000008,-785.2,-2054.42144,-275.0
6,-34.3,-210.0,-88.2,-182.0,-260.0,-236.9,-3034.693120000001,-785.2,-2167.2665600000005,-275.0
7,-34.3,-210.0,-88.2,-182.0,-260.0,-236.9,-2943.9212800000005,-785.2,-2102.44064,-275.0
8,-34.3,-210.0,-88.2,-182.0,-260.0,-236.9,-2921.508480000001,-785.2,-2086.4342400000005,-275.0
9,-34.3,-210.0,-88.2,-182.0,-260.0,-236.9,-2865.4764800000007,-785.2,-2046.4182400000002,-275.0
10,-34.3,-210.0,-88.2,-182.0,-260.0,-236.9,-2797.1174400000004,-785.2,-1997.5987200000002,-275.0
11,-34.3,-210.0,-88.2,-182.0,-260.0,-236.9,-2729.8790400000003,-785.2,-1949.57952,-275.0
12,-34.3,-210.0,-88.2,-182.0,-260.0,-236.9,-2696.2598400000006,-785.2,-1925.56992,-275.0
13,-34.3,-210.0,-88.2,-182.0,-260.0,-236.9,-2661.5200000000004,-785.2,-1900.76,-275.0
14,-34.3,-210.0,-88.2,-182.0,-260.0,-236.9,-2661.5200000000004,-785.2,-1900.76,-275.0
15,-34.3,-210.0,-88.2,-182.0,-260.0,-236.9,-2661.5200000000004,-785.2,-1900.76,-275.0
16,-34.3,-210.0,-88.2,-182.0,-260.0,-236.9,-2696.2598400000006,-785.2,-1925.56992,-275.0
17,-34.3,-210.0,-88.2,-182.0,-260.0,-236.9,-2718.6726400000007,-785.2,-1941.5763200000001,-275.0
18,-34.3,-210.0,-88.2,-182.0,-260.0,-236.9,-2707.4662400000007,-785.2,-1933.57312,-275.0
19,-34.3,-210.0,-88.2,-182.0,-260.0,-236.9,-2685.0534400000006,-785.2,-1917.56672,-275.0
20,-34.3,-210.0,-88.2,-182.0,-260.0,-236.9,-2627.9008000000003,-785.2,-1876.7504000000001,-275.0
21,-34.3,-202.66848000000002,-88.2,-182.0,-260.0,-236.9,-2503.5097600000004,-785.2,-1787.91488,-275.0
22,-34.3,-186.24816,-88.2,-182.0,-260.0,-236.9,-2300.6739200000006,-785.2,-1643.0569600000001,-275.0
23,-34.3,-170.73504000000003,-88.2,-182.0,-260.0,-236.9,-2109.0444800000005,-785.2,-1506.20224,-275.0
24,-34.3,-166.10832000000002,-88.2,-182.0,-260.0,-236.9,-2051.8918400000002,-785.2,-1465.3859200000002,-275.0
25,-34.3,-168.01344,-88.2,-182.0,-260.0,-236.9,-2075.4252800000004,-785.2,-1482.19264,-275.0
26,-34.3,-169.82784,-88.2,-182.0,-260.0,-236.9,-2097.8380800000004,-785.2,-1498.19904,-275.0
27,-34.3,-173.45664000000002,-88.2,-182.0,-260.0,-236.9,-2142.6636800000006,-785.2,-1530.21184,-275.0
28,-34.3,-183.52656000000002,-88.2,-182.0,-260.0,-236.9,-2267.0547200000005,-785.2,-1619.04736,-275.0
29,-34.3,-210.0,-88.2,-182.0,-260.0,-236.9,-2605.4880000000003,-785.2,-1860.7440000000001,-275.0
30,-34.3,-210.0,-88.2,-182.0,-260.0,-236.9,-2752.2918400000003,-785.2,-1965.58592,-275.0
31,-34.3,-210.0,-88.2,-182.0,-260.0,-236.9,-2696.2598400000006,-785.2,-1925.56992,-275.0
32,-34.3,-210.0,-88.2,-182.0,-260.0,-236.9,-2661.5200000000004,-785.2,-1900.76,-275.0
33,-34.3,-210.0,-88.2,-182.0,-260.0,-236.9,-2605.4880000000003,-785.2,-1860.7440000000001,-275.0
34,-34.3,-206.388,-88.2,-182.0,-260.0,-236.9,-2549.4560000000006,-785.2,-1820.728,-275.0
35,-34.3,-201.76128000000003,-88.2,-182.0,-260.0,-236.9,-2492.3033600000003,-785.2,-1779.9116800000002,-275.0
36,-34.3,-199.03968000000003,-88.2,-182.0,-260.0,-236.9,-2458.6841600000002,-785.2,-1755.90208,-275.0
37,-34.3,-197.22528000000003,-88.2,-182.0,-260.0,-236.9,-2436.2713600000006,-785.2,-1739.89568,-275.0
38,-34.3,-197.22528000000003,-88.2,-182.0,-260.0,-236.9,-2436.2713600000006,-785.2,-1739.89568,-275.0
39,-34.3,-197.22528000000003,-88.2,-182.0,-260.0,-236.9,-2436.2713600000006,-785.2,-1739.89568,-275.0
40,-34.3,-199.94688000000002,-88.2,-182.0,-260.0,-236.9,-2469.8905600000003,-785.2,-1763.90528,-275.0
41,-34.3,-200.85408,-88.2,-182.0,-260.0,-236.9,-2481.0969600000003,-785.2,-1771.90848,-275.0
42,-34.3,-201.76128000000003,-88.2,-182.0,-260.0,-236.9,-2492.3033600000003,-785.2,-1779.9116800000002,-275.0
43,-34.3,-199.94688000000002,-88.2,-182.0,-260.0,-236.9,-2469.8905600000003,-785.2,-1763.90528,-275.0
44,-34.3,-195.41088000000002,-88.2,-182.0,-260.0,-236.9,-2413.8585600000006,-785.2,-1723.88928,-275.0
45,-34.3,-186.24816,-88.2,-182.0,-260.0,-236.9,-2300.6739200000006,-785.2,-1643.0569600000001,-275.0
46,-34.3,-168.92064000000002,-88.2,-182.0,-260.0,-236.9,-2086.6316800000004,-785.2,-1490.19584,-275.0
47,-34.3,-153.3168,-88.2,-182.0,-260.0,-236.9,-1893.8816000000002,-785.2,-1352.5407999999998,-275.0
48,-34.3,-145.15200000000002,-88.2,-182.0,-260.0,-236.9,-1793.0240000000003,-785.2,-1280.512,-275.0
49,-34.3,-145.15200000000002,-88.2,-182.0,-260.0,-236.9,-1793.0240000000003,-785.2,-1280.512,-275.0
50,-34.3,-145.15200000000002,-88.2,-182.0,-260.0,-236.9,-1793.0240000000003,-785.2,-1280.512,-275.0
51,-34.3,-147.87359999999998,-88.2,-182.0,-260.0,-236.9,-1826.6432,-785.2,-1304.5215999999998,-275.0
52,-34.3,-157.03632000000002,-88.2,-182.0,-260.0,-236.9,-1939.8278400000004,-785.2,-1385.35392,-275.0
53,-34.3,-179.89776,-88.2,-182.0,-260.0,-236.9,-2222.2291200000004,-785.2,-1587.03456,-275.0
54,-34.3,-190.78416,-88.2,-182.0,-260.0,-236.9,-2356.7059200000003,-785.2,-1683.07296,-275.0
55,-34.3,-185.34096000000002,-88.2,-182.0,-260.0,-236.9,-2289.4675200000006,-785.2,-1635.05376,-275.0
56,-34.3,-179.89776,-88.2,-182.0,-260.0,-236.9,-2222.2291200000004,-785.2,-1587.03456,-275.0
57,-34.3,-173.45664000000002,-88.2,-182.0,-260.0,-236.9,-2142.6636800000006,-785.2,-1530.21184,-275.0
58,-34.3,-168.92064000000002,-88.2,-182.0,-260.0,-236.9,-2086.6316800000004,-785.2,-1490.19584,-275.0
59,-34.3,-163.38672000000003,-88.2,-182.0,-260.0,-236.9,-2018.2726400000004,-785.2,-1441.37632,-275.0
60,-34.3,-159.75792,-88.2,-182.0,-260.0,-236.9,-1973.4470400000002,-785.2,-1409.36352,-275.0
61,-34.3,-156.12912,-88.2,-182.0,-260.0,-236.9,-1928.6214400000003,-785.2,-1377.35072,-275.0
62,-34.3,-154.224,-88.2,-182.0,-260.0,-236.9,-1905.088,-785.2,-1360.5439999999999,-275.0
63,-34.3,-153.3168,-88.2,-182.0,-260.0,-236.9,-1893.8816000000002,-785.2,-1352.5407999999998,-275.0
64,-34.3,-154.224,-88.2,-182.0,-260.0,-236.9,-1905.088,-785.2,-1360.5439999999999,-275.0
65,-34.3,-154.224,-88.2,-182.0,-260.0,-236.9,-1905.088,-785.2,-1360.5439999999999,-275.0
66,-34.3,-154.224,-88.2,-182.0,-260.0,-236.9,-1905.088,-785.2,-1360.5439999999999,-275.0
67,-34.3,-152.40959999999998,-88.2,-182.0,-260.0,-236.9,-1882.6752000000001,-785.2,-1344.5375999999999,-275.0
68,-34.3,-149.688,-88.2,-182.0,-260.0,-236.9,-1849.056,-785.2,-1320.5279999999998,-275.0
69,-34.3,-142.43040000000002,-88.2,-182.0,-260.0,-236.9,-1759.4048000000003,-785.2,-1256.5024,-275.0
70,-34.3,-128.64095999999998,-88.2,-182.0,-259.55071999999996,-236.9,-1589.06752,-785.2,-1134.8537599999997,-275.0
71,-34.3,-117.75456,-88.2,-182.0,-237.58592000000002,-236.9,-1454.5907200000001,-785.2,-1038.81536,-275.0
72,-34.3,-114.03503999999998,-88.2,-182.0,-230.08127999999996,-236.9,-1408.64448,-785.2,-1006.0022399999998,-275.0
73,-34.3,-116.84736000000001,-88.2,-182.0,-235.75552000000002,-236.9,-1443.3843200000001,-785.2,-1030.81216,-275.0
74,-34.3,-116.84736000000001,-88.2,-182.0,-235.75552000000002,-236.9,-1443.3843200000001,-785.2,-1030.81216,-275.0
75,-34.3,-120.47616000000001,-88.2,-182.0,-243.07712,-236.9,-1488.2099200000002,-785.2,-1062.82496,-275.0
76,-34.3,-130.54608000000002,-88.2,-182.0,-260.0,-236.9,-1612.6009600000002,-785.2,-1151.66048,-275.0
77,-34.3,-152.40959999999998,-88.2,-182.0,-260.0,-236.9,-1882.6752000000001,-785.2,-1344.5375999999999,-275.0
78,-34.3,-162.47952,-88.2,-182.0,-260.0,-236.9,-2007.0662400000003,-785.2,-1433.37312,-275.0
79,-34.3,-160.66512,-88.2,-182.0,-260.0,-236.9,-1984.6534400000003,-785.2,-1417.36672,-275.0
80,-34.3,-157.94352,-88.2,-182.0,-260.0,-236.9,-1951.0342400000004,-785.2,-1393.35712,-275.0
81,-34.3,-156.12912,-88.2,-182.0,-260.0,-236.9,-1928.6214400000003,-785.2,-1377.35072,-275.0
82,-34.3,-154.224,-88.2,-182.0,-260.0,-236.9,-1905.088,-785.2,-1360.5439999999999,-275.0
83,-34.3,-154.224,-88.2,-182.0,-260.0,-236.9,-1905.088,-785.2,-1360.5439999999999,-275.0
84,-34.3,-154.224,-88.2,-182.0,-260.0,-236.9,-1905.088,-785.2,-1360.5439999999999,-275.0
85,-34.3,-155.22192,-88.2,-182.0,-260.0,-236.9,-1917.4150400000003,-785.2,-1369.34752,-275.0
86,-34.3,-157.94352,-88.2,-182.0,-260.0,-236.9,-1951.0342400000004,-785.2,-1393.35712,-275.0
87,-34.3,-160.66512,-88.2,-182.0,-260.0,-236.9,-1984.6534400000003,-785.2,-1417.36672,-275.0
88,-34.3,-166.10832000000002,-88.2,-182.0,-260.0,-236.9,-2051.8918400000002,-785.2,-1465.3859200000002,-275.0
89,-34.3,-171.64224000000002,-88.2,-182.0,-260.0,-236.9,-2120.2508800000005,-785.2,-1514.20544,-275.0
90,-34.3,-174.36384,-88.2,-182.0,-260.0,-236.9,-2153.8700800000006,-785.2,-1538.21504,-275.0
91,-34.3,-175.27104000000003,-88.2,-182.0,-260.0,-236.9,-2165.07648,-785.2,-1546.2182400000002,-275.0
92,-34.3,-173.45664000000002,-88.2,-182.0,-260.0,-236.9,-2142.6636800000006,-785.2,-1530.21184,-275.0
93,-34.3,-168.01344,-88.2,-182.0,-260.0,-236.9,-2075.4252800000004,-785.2,-1482.19264,-275.0
94,-34.3,-153.3168,-88.2,-182.0,-260.0,-236.9,-1893.8816000000002,-785.2,-1352.5407999999998,-275.0
95,-34.3,-140.52527999999998,-88.2,-182.0,-260.0,-236.9,-1735.87136,-785.2,-1239.6956799999998,-275.0
96,-34.3,-136.89648,-88.2,-182.0,-260.0,-236.9,-1691.04576,-785.2,-1207.6828799999998,-275.0
97,-34.3,-139.61808,-88.2,-182.0,-260.0,-236.9,-1724.66496,-785.2,-1231.69248,-275.0
98,-34.3,-140.52527999999998,-88.2,-182.0,-260.0,-236.9,-1735.87136,-785.2,-1239.6956799999998,-275.0
99,-34.3,-144.2448,-88.2,-182.0,-260.0,-236.9,-1781.8176000000003,-785.2,-1272.5088,-275.0
100,-34.3,-155.22192,-88.2,-182.0,-260.0,-236.9,-1917.4150400000003,-785.2,-1369.34752,-275.0
101,-34.3,-179.89776,-88.2,-182.0,-260.0,-236.9,-2222.2291200000004,-785.2,-1587.03456,-275.0
102,-34.3,-189.87696000000003,-88.2,-182.0,-260.0,-236.9,-2345.4995200000003,-785.2,-1675.06976,-275.0
103,-34.3,-185.34096000000002,-88.2,-182.0,-260.0,-236.9,-2289.4675200000006,-785.2,-1635.05376,-275.0
104,-34.3,-182.61936000000003,-88.2,-182.0,-260.0,-236.9,-2255.8483200000005,-785.2,-1611.04416,-275.0
105,-34.3,-177.08544000000003,-88.2,-182.0,-260.0,-236.9,-2187.4892800000002,-785.2,-1562.2246400000001,-275.0
106,-34.3,-172.54944,-88.2,-182.0,-260.0,-236.9,-2131.4572800000005,-785.2,-1522.20864,-275.0
107,-34.3,-168.01344,-88.2,-182.0,-260.0,-236.9,-2075.4252800000004,-785.2,-1482.19264,-275.0
108,-34.3,-165.20112000000003,-88.2,-182.0,-260.0,-236.9,-2040.6854400000004,-785.2,-1457.38272,-275.0
109,-34.3,-162.47952,-88.2,-182.0,-260.0,-236.9,-2007.0662400000003,-785.2,-1433.37312,-275.0
110,-34.3,-162.47952,-88.2,-182.0,-260.0,-236.9,-2007.0662400000003,-785.2,-1433.37312,-275.0
111,-34.3,-162.47952,-88.2,-182.0,-260.0,-236.9,-2007.0662400000003,-785.2,-1433.37312,-275.0
112,-34.3,-163.38672000000003,-88.2,-182.0,-260.0,-236.9,-2018.2726400000004,-785.2,-1441.37632,-275.0
113,-34.3,-165.20112000000003,-88.2,-182.0,-260.0,-236.9,-2040.6854400000004,-785.2,-1457.38272,-275.0
114,-34.3,-165.20112000000003,-88.2,-182.0,-260.0,-236.9,-2040.6854400000004,-785.2,-1457.38272,-275.0
115,-34.3,-162.47952,-88.2,-182.0,-260.0,-236.9,-2007.0662400000003,-785.2,-1433.37312,-275.0
116,-34.3,-159.75792,-88.2,-182.0,-260.0,-236.9,-1973.4470400000002,-785.2,-1409.36352,-275.0
117,-34.3,-151.5024,-88.2,-182.0,-260.0,-236.9,-1871.4688,-785.2,-1336.5343999999998,-275.0
118,-34.3,-137.80367999999999,-88.2,-182.0,-260.0,-236.9,-1702.25216,-785.2,-1215.6860799999997,-275.0
119,-34.3,-125.91935999999998,-88.2,-182.0,-254.05951999999996,-236.9,-1555.44832,-785.2,-1110.8441599999999,-275.0
120,-34.3,-120.47616000000001,-88.2,-182.0,-243.07712,-236.9,-1488.2099200000002,-785.2,-1062.82496,-275.0
121,-34.3,-122.29056000000001,-88.2,-182.0,-246.73792000000003,-236.9,-1510.6227200000003,-785.2,-1078.83136,-275.0
122,-34.3,-122.29056000000001,-88.2,-182.0,-246.73792000000003,-236.9,-1510.6227200000003,-785.2,-1078.83136,-275.0
123,-34.3,-124.10496,-88.2,-182.0,-250.39872000000003,-236.9,-1533.0355200000004,-785.2,-1094.8377600000001,-275.0
124,-34.3,-133.26768,-88.2,-182.0,-260.0,-236.9,-1646.2201600000003,-785.2,-1175.67008,-275.0
125,-34.3,-154.224,-88.2,-182.0,-260.0,-236.9,-1905.088,-785.2,-1360.5439999999999,-275.0
126,-34.3,-162.47952,-88.2,-182.0,-260.0,-236.9,-2007.0662400000003,-785.2,-1433.37312,-275.0
127,-34.3,-159.75792,-88.2,-182.0,-260.0,-236.9,-1973.4470400000002,-785.2,-1409.36352,-275.0
128,-34.3,-156.12912,-88.2,-182.0,-260.0,-236.9,-1928.6214400000003,-785.2,-1377.35072,-275.0
129,-34.3,-150.59519999999998,-88.2,-182.0,-260.0,-236.9,-1860.2624,-785.2,-1328.5312,-275.0
130,-34.3,-146.0592,-88.2,-182.0,-260.0,-236.9,-1804.2304000000004,-785.2,-1288.5152,-275.0
131,-34.3,-143.3376,-88.2,-182.0,-260.0,-236.9,-1770.6112000000003,-785.2,-1264.5056,-275.0
132,-34.3,-141.43248,-88.2,-182.0,-260.0,-236.9,-1747.0777600000001,-785.2,-1247.69888,-275.0
133,-34.3,-140.52527999999998,-88.2,-182.0,-260.0,-236.9,-1735.87136,-785.2,-1239.6956799999998,-275.0
134,-34.3,-140.52527999999998,-88.2,-182.0,-260.0,-236.9,-1735.87136,-785.2,-1239.6956799999998,-275.0
135,-34.3,-142.43040000000002,-88.2,-182.0,-260.0,-236.9,-1759.4048000000003,-785.2,-1256.5024,-275.0
136,-34.3,-144.2448,-88.2,-182.0,-260.0,-236.9,-1781.8176000000003,-785.2,-1272.5088,-275.0
137,-34.3,-147.87359999999998,-88.2,-182.0,-260.0,-236.9,-1826.6432,-785.2,-1304.5215999999998,-275.0
138,-34.3,-148.7808,-88.2,-182.0,-260.0,-236.9,-1837.8496,-785.2,-1312.5248,-275.0
139,-34.3,-149.688,-88.2,-182.0,-260.0,-236.9,-1849.056,-785.2,-1320.5279999999998,-275.0
140,-34.3,-147.87359999999998,-88.2,-182.0,-260.0,-236.9,-1826.6432,-785.2,-1304.5215999999998,-275.0
141,-34.3,-141.43248,-88.2,-182.0,-260.0,-236.9,-1747.0777600000001,-785.2,-1247.69888,-275.0
142,-34.3,-128.64095999999998,-88.2,-182.0,-259.55071999999996,-236.9,-1589.06752,-785.2,-1134.8537599999997,-275.0
143,-34.3,-117.75456,-88.2,-182.0,-237.58592000000002,-236.9,-1454.5907200000001,-785.2,-1038.81536,-275.0
144,-34.3,-113.12784,-88.2,-182.0,-228.25088000000002,-236.9,-1397.4380800000001,-785.2,-997.99904,-275.0
145,-34.3,-115.84943999999999,-88.2,-182.0,-233.74208,-236.9,-1431.05728,-785.2,-1022.0086399999998,-275.0
146,-34.3,-116.84736000000001,-88.2,-182.0,-235.75552000000002,-236.9,-1443.3843200000001,-785.2,-1030.81216,-275.0
147,-34.3,-121.38336000000001,-88.2,-182.0,-244.90752,-236.9,-1499.4163200000003,-785.2,-1070.82816,-275.0
148,-34.3,-132.36048,-88.2,-182.0,-260.0,-236.9,-1635.0137600000003,-785.2,-1167.66688,-275.0
149,-34.3,-153.3168,-88.2,-182.0,-260.0,-236.9,-1893.8816000000002,-785.2,-1352.5407999999998,-275.0
150,-34.3,-164.29392,-88.2,-182.0,-260.0,-236.9,-2029.4790400000004,-785.2,-1449.37952,-275.0
151,-34.3,-162.47952,-88.2,-182.0,-260.0,-236.9,-2007.0662400000003,-785.2,-1433.37312,-275.0
152,-34.3,-160.66512,-88.2,-182.0,-260.0,-236.9,-1984.6534400000003,-785.2,-1417.36672,-275.0
153,-34.3,-157.94352,-88.2,-182.0,-260.0,-236.9,-1951.0342400000004,-785.2,-1393.35712,-275.0
154,-34.3,-157.03632000000002,-88.2,-182.0,-260.0,-236.9,-1939.8278400000004,-785.2,-1385.35392,-275.0
155,-34.3,-156.12912,-88.2,-182.0,-260.0,-236.9,-1928.6214400000003,-785.2,-1377.35072,-275.0
156,-34.3,-156.12912,-88.2,-182.0,-260.0,-236.9,-1928.6214400000003,-785.2,-1377.35072,-275.0
157,-34.3,-157.94352,-88.2,-182.0,-260.0,-236.9,-1951.0342400000004,-785.2,-1393.35712,-275.0
158,-34.3,-160.66512,-88.2,-182.0,-260.0,-236.9,-1984.6534400000003,-785.2,-1417.36672,-275.0
159,-34.3,-165.20112000000003,-88.2,-182.0,-260.0,-236.9,-2040.6854400000004,-785.2,-1457.38272,-275.0
160,-34.3,-169.82784,-88.2,-182.0,-260.0,-236.9,-2097.8380800000004,-785.2,-1498.19904,-275.0
161,-34.3,-175.27104000000003,-88.2,-182.0,-260.0,-236.9,-2165.07648,-785.2,-1546.2182400000002,-275.0
162,-34.3,-177.99264000000002,-88.2,-182.0,-260.0,-236.9,-2198.6956800000003,-785.2,-1570.22784,-275.0
163,-34.3,-180.80496000000002,-88.2,-182.0,-260.0,-236.9,-2233.4355200000005,-785.2,-1595.03776,-275.0
164,-34.3,-179.89776,-88.2,-182.0,-260.0,-236.9,-2222.2291200000004,-785.2,-1587.03456,-275.0
165,-34.3,-173.45664000000002,-88.2,-182.0,-260.0,-236.9,-2142.6636800000006,-785.2,-1530.21184,-275.0
166,-34.3,-158.85072000000002,-88.2,-182.0,-260.0,-236.9,-1962.2406400000002,-785.2,-1401.36032,-275.0
167,-34.3,-146.0592,-88.2,-182.0,-260.0,-236.9,-1804.2304000000004,-785.2,-1288.5152,-275.0
168,-34.3,-87.5448,-88.2,-182.0,-176.6336,-236.9,-1081.4176,-785.2,-772.3087999999999,-275.0
169,-34.3,-87.5448,-88.2,-182.0,-176.6336,-236.9,-1081.4176,-785.2,-772.3087999999999,-275.0
170,-34.3,-91.17360000000001,-88.2,-182.0,-183.95520000000002,-236.9,-1126.2432000000001,-785.2,-804.3216,-275.0
171,-34.3,-98.52192000000001,-88.2,-182.0,-198.78144,-236.9,-1217.0150400000002,-785.2,-869.14752,-275.0
172,-34.3,-114.94223999999998,-88.2,-182.0,-231.91167999999996,-236.9,-1419.85088,-785.2,-1014.0054399999998,-275.0
173,-34.3,-123.19776000000002,-88.2,-182.0,-248.56832000000003,-236.9,-1521.8291200000003,-785.2,-1086.83456,-275.0
174,-34.3,-121.38336000000001,-88.2,-182.0,-244.90752,-236.9,-1499.4163200000003,-785.2,-1070.82816,-275.0
175,-34.3,-118.66176,-88.2,-182.0,-239.41632,-236.9,-1465.7971200000002,-785.2,-1046.81856,-275.0
176,-34.3,-115.84943999999999,-88.2,-182.0,-233.74208,-236.9,-1431.05728,-785.2,-1022.0086399999998,-275.0
177,-34.3,-114.03503999999998,-88.2,-182.0,-230.08127999999996,-236.9,-1408.64448,-785.2,-1006.0022399999998,-275.0
178,-34.3,-113.12784,-88.2,-182.0,-228.25088000000002,-236.9,-1397.4380800000001,-785.2,-997.99904,-275.0
179,-34.3,-112.22064,-88.2,-182.0,-226.42048000000003,-236.9,-1386.2316800000003,-785.2,-989.99584,-275.0
180,-34.3,-112.22064,-88.2,-182.0,-226.42048000000003,-236.9,-1386.2316800000003,-785.2,-989.99584,-275.0
181,-34.3,-112.22064,-88.2,-182.0,-226.42048000000003,-236.9,-1386.2316800000003,-785.2,-989.99584,-275.0
182,-34.3,-114.94223999999998,-88.2,-182.0,-231.91167999999996,-236.9,-1419.85088,-785.2,-1014.0054399999998,-275.0
183,-34.3,-117.75456,-88.2,-182.0,-237.58592000000002,-236.9,-1454.5907200000001,-785.2,-1038.81536,-275.0
184,-34.3,-121.38336000000001,-88.2,-182.0,-244.90752,-236.9,-1499.4163200000003,-785.2,-1070.82816,-275.0
185,-34.3,-124.10496,-88.2,-182.0,-250.39872000000003,-236.9,-1533.0355200000004,-785.2,-1094.8377600000001,-275.0
186,-34.3,-124.10496,-88.2,-182.0,-250.39872000000003,-236.9,-1533.0355200000004,-785.2,-1094.8377600000001,-275.0
187,-34.3,-121.38336000000001,-88.2,-182.0,-244.90752,-236.9,-1499.4163200000003,-785.2,-1070.82816,-275.0
188,-34.3,-114.94223999999998,-88.2,-182.0,-231.91167999999996,-236.9,-1419.85088,-785.2,-1014.0054399999998,-275.0
189,-34.3,-103.96512000000001,-88.2,-182.0,-209.76384000000002,-236.9,-1284.2534400000002,-785.2,-917.16672,-275.0
190,-34.3,-93.07872,-88.2,-182.0,-187.79904,-236.9,-1149.77664,-785.2,-821.1283199999999,-275.0
191,-34.3,-88.452,-88.2,-182.0,-178.464,-236.9,-1092.624,-785.2,-780.3119999999999,-275.0
192,-34.3,-89.3592,-88.2,-182.0,-180.2944,-236.9,-1103.8304,-785.2,-788.3151999999999,-275.0
193,-34.3,-87.5448,-88.2,-182.0,-176.6336,-236.9,-1081.4176,-785.2,-772.3087999999999,-275.0
194,-34.3,-89.3592,-88.2,-182.0,-180.2944,-236.9,-1103.8304,-785.2,-788.3151999999999,-275.0
195,-34.3,-95.80032,-88.2,-182.0,-193.29024,-236.9,-1183.3958400000001,-785.2,-845.13792,-275.0
196,-34.3,-107.68464,-88.2,-182.0,-217.26848,-236.9,-1330.1996800000002,-785.2,-949.97984,-275.0
197,-34.3,-112.22064,-88.2,-182.0,-226.42048000000003,-236.9,-1386.2316800000003,-785.2,-989.99584,-275.0
198,-34.3,-108.59184,-88.2,-182.0,-219.09888,-236.9,-1341.4060800000002,-785.2,-957.98304,-275.0
199,-34.3,-104.96304,-88.2,-182.0,-211.77728000000002,-236.9,-1296.58048,-785.2,-925.97024,-275.0
200,-34.3,-100.33632000000001,-88.2,-182.0,-202.44224000000003,-236.9,-1239.4278400000003,-785.2,-885.15392,-275.0
201,-34.3,-96.70752,-88.2,-182.0,-195.12064,-236.9,-1194.6022400000002,-785.2,-853.14112,-275.0
202,-34.3,-93.07872,-88.2,-182.0,-187.79904,-236.9,-1149.77664,-785.2,-821.1283199999999,-275.0
203,-34.3,-89.3592,-88.2,-182.0,-180.2944,-236.9,-1103.8304,-785.2,-788.3151999999999,-275.0
204,-34.3,-87.5448,-88.2,-182.0,-176.6336,-236.9,-1081.4176,-785.2,-772.3087999999999,-275.0
205,-34.3,-84.8232,-88.2,-182.0,-171.1424,-236.9,-1047.7984000000001,-785.2,-748.2991999999999,-275.0
206,-34.3,-83.916,-88.2,-182.0,-169.312,-236.9,-1036.592,-785.2,-740.2959999999999,-275.0
207,-34.3,-83.00880000000001,-88.2,-182.0,-167.48160000000001,-236.9,-1025.3856,-785.2,-732.2927999999999,-275.0
208,-34.3,-82.1016,-88.2,-182.0,-165.65120000000002,-236.9,-1014.1792000000002,-785.2,-724.2896,-275.0
209,-34.3,-82.1016,-88.2,-182.0,-165.65120000000002,-236.9,-1014.1792000000002,-785.2,-724.2896,-275.0
210,-34.3,-83.00880000000001,-88.2,-182.0,-167.48160000000001,-236.9,-1025.3856,-785.2,-732.2927999999999,-275.0
211,-34.3,-82.1016,-88.2,-182.0,-165.65120000000002,-236.9,-1014.1792000000002,-785.2,-724.2896,-275.0
212,-34.3,-79.38,-88.2,-182.0,-160.16,-236.9,-980.5600000000001,-785.2,-700.28,-275.0
213,-34.3,-72.93888,-88.2,-182.0,-147.16416,-236.9,-900.9945600000001,-785.2,-643.45728,-275.0
214,-34.3,-65.59056000000001,-88.2,-182.0,-132.33792000000003,-236.9,-810.2227200000001,-785.2,-578.63136,-275.0
215,-34.3,-61.961760000000005,-88.2,-182.0,-125.01632000000001,-236.9,-765.3971200000001,-785.2,-546.61856,-275.0
216,-34.3,-62.86896,-88.2,-182.0,-126.84672,-236.9,-776.6035200000001,-785.2,-554.62176,-275.0
217,-34.3,-63.776160000000004,-88.2,-182.0,-128.67712,-236.9,-787.8099200000001,-785.2,-562.62496,-275.0
218,-34.3,-66.49776000000001,-88.2,-182.0,-134.16832000000002,-236.9,-821.4291200000001,-785.2,-586.63456,-275.0
219,-34.3,-72.93888,-88.2,-182.0,-147.16416,-236.9,-900.9945600000001,-785.2,-643.45728,-275.0
220,-34.3,-85.73039999999999,-88.2,-182.0,-172.97279999999998,-236.9,-1059.0048,-785.2,-756.3023999999999,-275.0
221,-34.3,-93.98592000000001,-88.2,-182.0,-189.62944000000002,-236.9,-1160.98304,-785.2,-829.1315199999999,-275.0
222,-34.3,-93.07872,-88.2,-182.0,-187.79904,-236.9,-1149.77664,-785.2,-821.1283199999999,-275.0
223,-34.3,-89.3592,-88.2,-182.0,-180.2944,-236.9,-1103.8304,-785.2,-788.3151999999999,-275.0
224,-34.3,-86.63759999999999,-88.2,-182.0,-174.80319999999998,-236.9,-1070.2112,-785.2,-764.3055999999999,-275.0
225,-34.3,-83.916,-88.2,-182.0,-169.312,-236.9,-1036.592,-785.2,-740.2959999999999,-275.0
226,-34.3,-81.1944,-88.2,-182.0,-163.8208,-236.9,-1002.9728000000001,-785.2,-716.2864,-275.0
227,-34.3,-80.2872,-88.2,-182.0,-161.9904,-236.9,-991.7664000000001,-785.2,-708.2832,-275.0
228,-34.3,-79.38,-88.2,-182.0,-160.16,-236.9,-980.5600000000001,-785.2,-700.28,-275.0
229,-34.3,-79.38,-88.2,-182.0,-160.16,-236.9,-980.5600000000001,-785.2,-700.28,-275.0
230,-34.3,-80.2872,-88.2,-182.0,-161.9904,-236.9,-991.7664000000001,-785.2,-708.2832,-275.0
231,-34.3,-81.1944,-88.2,-182.0,-163.8208,-236.9,-1002.9728000000001,-785.2,-716.2864,-275.0
232,-34.3,-82.1016,-88.2,-182.0,-165.65120000000002,-236.9,-1014.1792000000002,-785.2,-724.2896,-275.0
233,-34.3,-84.8232,-88.2,-182.0,-171.1424,-236.9,-1047.7984000000001,-785.2,-748.2991999999999,-275.0
234,-34.3,-85.73039999999999,-88.2,-182.0,-172.97279999999998,-236.9,-1059.0048,-785.2,-756.3023999999999,-275.0
235,-34.3,-85.73039999999999,-88.2,-182.0,-172.97279999999998,-236.9,-1059.0048,-785.2,-756.3023999999999,-275.0
236,-34.3,-83.00880000000001,-88.2,-182.0,-167.48160000000001,-236.9,-1025.3856,-785.2,-732.2927999999999,-275.0
237,-34.3,-76.56768000000001,-88.2,-182.0,-154.48576,-236.9,-945.8201600000001,-785.2,-675.47008,-275.0
238,-34.3,-70.21728,-88.2,-182.0,-141.67296,-236.9,-867.3753600000001,-785.2,-619.44768,-275.0
239,-34.3,-67.49568,-88.2,-182.0,-136.18176,-236.9,-833.75616,-785.2,-595.4380799999999,-275.0
240,-34.3,-68.40288,-88.2,-182.0,-138.01216,-236.9,-844.96256,-785.2,-603.4412799999999,-275.0
241,-34.3,-70.21728,-88.2,-182.0,-141.67296,-236.9,-867.3753600000001,-785.2,-619.44768,-275.0
242,-34.3,-72.93888,-88.2,-182.0,-147.16416,-236.9,-900.9945600000001,-785.2,-643.45728,-275.0
243,-34.3,-79.38,-88.2,-182.0,-160.16,-236.9,-980.5600000000001,-785.2,-700.28,-275.0
244,-34.3,-93.07872,-88.2,-182.0,-187.79904,-236.9,-1149.77664,-785.2,-821.1283199999999,-275.0
245,-34.3,-101.24352,-88.2,-182.0,-204.27264000000002,-236.9,-1250.6342400000003,-785.2,-893.15712,-275.0
246,-34.3,-100.33632000000001,-88.2,-182.0,-202.44224000000003,-236.9,-1239.4278400000003,-785.2,-885.15392,-275.0
247,-34.3,-96.70752,-88.2,-182.0,-195.12064,-236.9,-1194.6022400000002,-785.2,-853.14112,-275.0
248,-34.3,-94.89312000000001,-88.2,-182.0,-191.45984,-236.9,-1172.18944,-785.2,-837.13472,-275.0
249,-34.3,-92.17152,-88.2,-182.0,-185.96864,-236.9,-1138.57024,-785.2,-813.1251199999999,-275.0
250,-34.3,-90.26639999999999,-88.2,-182.0,-182.1248,-236.9,-1115.0368,-785.2,-796.3183999999999,-275.0
251,-34.3,-89.3592,-88.2,-182.0,-180.2944,-236.9,-1103.8304,-785.2,-788.3151999999999,-275.0
252,-34.3,-89.3592,-88.2,-182.0,-180.2944,-236.9,-1103.8304,-785.2,-788.3151999999999,-275.0
253,-34.3,-90.26639999999999,-88.2,-182.0,-182.1248,-236.9,-1115.0368,-785.2,-796.3183999999999,-275.0
254,-34.3,-92.17152,-88.2,-182.0,-185.96864,-236.9,-1138.57024,-785.2,-813.1251199999999,-275.0
255,-34.3,-93.98592000000001,-88.2,-182.0,-189.62944000000002,-236.9,-1160.98304,-785.2,-829.1315199999999,-275.0
256,-34.3,-97.61472,-88.2,-182.0,-196.95104,-236.9,-1205.8086400000002,-785.2,-861.14432,-275.0
257,-34.3,-101.24352,-88.2,-182.0,-204.27264000000002,-236.9,-1250.6342400000003,-785.2,-893.15712,-275.0
258,-34.3,-103.96512000000001,-88.2,-182.0,-209.76384000000002,-236.9,-1284.2534400000002,-785.2,-917.16672,-275.0
259,-34.3,-103.96512000000001,-88.2,-182.0,-209.76384000000002,-236.9,-1284.2534400000002,-785.2,-917.16672,-275.0
260,-34.3,-101.24352,-88.2,-182.0,-204.27264000000002,-236.9,-1250.6342400000003,-785.2,-893.15712,-275.0
261,-34.3,-93.07872,-88.2,-182.0,-187.79904,-236.9,-1149.77664,-785.2,-821.1283199999999,-275.0
262,-34.3,-85.73039999999999,-88.2,-182.0,-172.97279999999998,-236.9,-1059.0048,-785.2,-756.3023999999999,-275.0
263,-34.3,-83.00880000000001,-88.2,-182.0,-167.48160000000001,-236.9,-1025.3856,-785.2,-732.2927999999999,-275.0
264,-34.3,-85.73039999999999,-88.2,-182.0,-172.97279999999998,-236.9,-1059.0048,-785.2,-756.3023999999999,-275.0
265,-34.3,-85.73039999999999,-88.2,-182.0,-172.97279999999998,-236.9,-1059.0048,-785.2,-756.3023999999999,-275.0
266,-34.3,-89.3592,-88.2,-182.0,-180.2944,-236.9,-1103.8304,-785.2,-788.3151999999999,-275.0
267,-34.3,-97.61472,-88.2,-182.0,-196.95104,-236.9,-1205.8086400000002,-785.2,-861.14432,-275.0
268,-34.3,-112.22064,-88.2,-182.0,-226.42048000000003,-236.9,-1386.2316800000003,-785.2,-989.99584,-275.0
269,-34.3,-119.56896,-88.2,-182.0,-241.24672,-236.9,-1477.0035200000002,-785.2,-1054.82176,-275.0
270,-34.3,-118.66176,-88.2,-182.0,-239.41632,-236.9,-1465.7971200000002,-785.2,-1046.81856,-275.0
271,-34.3,-115.84943999999999,-88.2,-182.0,-233.74208,-236.9,-1431.05728,-785.2,-1022.0086399999998,-275.0
272,-34.3,-113.12784,-88.2,-182.0,-228.25088000000002,-236.9,-1397.4380800000001,-785.2,-997.99904,-275.0
273,-34.3,-112.22064,-88.2,-182.0,-226.42048000000003,-236.9,-1386.2316800000003,-785.2,-989.99584,-275.0
274,-34.3,-112.22064,-88.2,-182.0,-226.42048000000003,-236.9,-1386.2316800000003,-785.2,-989.99584,-275.0
275,-34.3,-113.12784,-88.2,-182.0,-228.25088000000002,-236.9,-1397.4380800000001,-785.2,-997.99904,-275.0
276,-34.3,-114.03503999999998,-88.2,-182.0,-230.08127999999996,-236.9,-1408.64448,-785.2,-1006.0022399999998,-275.0
277,-34.3,-116.84736000000001,-88.2,-182.0,-235.75552000000002,-236.9,-1443.3843200000001,-785.2,-1030.81216,-275.0
278,-34.3,-121.38336000000001,-88.2,-182.0,-244.90752,-236.9,-1499.4163200000003,-785.2,-1070.82816,-275.0
279,-34.3,-125.91935999999998,-88.2,-182.0,-254.05951999999996,-236.9,-1555.44832,-785.2,-1110.8441599999999,-275.0
280,-34.3,-131.45328,-88.2,-182.0,-260.0,-236.9,-1623.8073600000002,-785.2,-1159.6636799999999,-275.0
281,-34.3,-135.08208000000002,-88.2,-182.0,-260.0,-236.9,-1668.6329600000004,-785.2,-1191.67648,-275.0
282,-34.3,-135.98928,-88.2,-182.0,-260.0,-236.9,-1679.8393600000002,-785.2,-1199.67968,-275.0
283,-34.3,-135.08208000000002,-88.2,-182.0,-260.0,-236.9,-1668.6329600000004,-785.2,-1191.67648,-275.0
284,-34.3,-126.82655999999999,-88.2,-182.0,-255.88992,-236.9,-1566.65472,-785.2,-1118.8473599999998,-275.0
285,-34.3,-114.03503999999998,-88.2,-182.0,-230.08127999999996,-236.9,-1408.64448,-785.2,-1006.0022399999998,-275.0
286,-34.3,-102.15072,-88.2,-182.0,-206.10304000000002,-236.9,-1261.8406400000001,-785.2,-901.1603200000001,-275.0
287,-34.3,-96.70752,-88.2,-182.0,-195.12064,-236.9,-1194.6022400000002,-785.2,-853.14112,-275.0
288,-34.3,-97.61472,-88.2,-182.0,-196.95104,-236.9,-1205.8086400000002,-785.2,-861.14432,-275.0
289,-34.3,-95.80032,-88.2,-182.0,-193.29024,-236.9,-1183.3958400000001,-785.2,-845.13792,-275.0
290,-34.3,-96.70752,-88.2,-182.0,-195.12064,-236.9,-1194.6022400000002,-785.2,-853.14112,-275.0
291,-34.3,-103.05792000000001,-88.2,-182.0,-207.93344000000002,-236.9,-1273.0470400000002,-785.2,-909.1635200000001,-275.0
292,-34.3,-117.75456,-88.2,-182.0,-237.58592000000002,-236.9,-1454.5907200000001,-785.2,-1038.81536,-275.0
293,-34.3,-122.29056000000001,-88.2,-182.0,-246.73792000000003,-236.9,-1510.6227200000003,-785.2,-1078.83136,-275.0
294,-34.3,-117.75456,-88.2,-182.0,-237.58592000000002,-236.9,-1454.5907200000001,-785.2,-1038.81536,-275.0
295,-34.3,-113.12784,-88.2,-182.0,-228.25088000000002,-236.9,-1397.4380800000001,-785.2,-997.99904,-275.0
296,-34.3,-108.59184,-88.2,-182.0,-219.09888,-236.9,-1341.4060800000002,-785.2,-957.98304,-275.0
297,-34.3,-103.96512000000001,-88.2,-182.0,-209.76384000000002,-236.9,-1284.2534400000002,-785.2,-917.16672,-275.0
298,-34.3,-99.42912000000001,-88.2,-182.0,-200.61184000000003,-236.9,-1228.2214400000003,-785.2,-877.15072,-275.0
299,-34.3,-96.70752,-88.2,-182.0,-195.12064,-236.9,-1194.6022400000002,-785.2,-853.14112,-275.0
300,-34.3,-93.98592000000001,-88.2,-182.0,-189.62944000000002,-236.9,-1160.98304,-785.2,-829.1315199999999,-275.0
301,-34.3,-92.17152,-88.2,-182.0,-185.96864,-236.9,-1138.57024,-785.2,-813.1251199999999,-275.0
302,-34.3,-91.17360000000001,-88.2,-182.0,-183.95520000000002,-236.9,-1126.2432000000001,-785.2,-804.3216,-275.0
303,-34.3,-89.3592,-88.2,-182.0,-180.2944,-236.9,-1103.8304,-785.2,-788.3151999999999,-275.0
304,-34.3,-88.452,-88.2,-182.0,-178.464,-236.9,-1092.624,-785.2,-780.3119999999999,-275.0
305,-34.3,-88.452,-88.2,-182.0,-178.464,-236.9,-1092.624,-785.2,-780.3119999999999,-275.0
306,-34.3,-88.452,-88.2,-182.0,-178.464,-236.9,-1092.624,-785.2,-780.3119999999999,-275.0
307,-34.3,-85.73039999999999,-88.2,-182.0,-172.97279999999998,-236.9,-1059.0048,-785.2,-756.3023999999999,-275.0
308,-34.3,-81.1944,-88.2,-182.0,-163.8208,-236.9,-1002.9728000000001,-785.2,-716.2864,-275.0
309,-34.3,-72.03168000000001,-88.2,-182.0,-145.33376,-236.9,-889.7881600000001,-785.2,-635.45408,-275.0
310,-34.3,-63.776160000000004,-88.2,-182.0,-128.67712,-236.9,-787.8099200000001,-785.2,-562.62496,-275.0
311,-34.3,-58.33296,-88.2,-182.0,-117.69472,-236.9,-720.5715200000001,-785.2,-514.6057599999999,-275.0
312,-34.3,-57.42576,-88.2,-182.0,-115.86431999999999,-236.9,-709.36512,-785.2,-506.6025599999999,-275.0
313,-34.3,-55.61136,-88.2,-182.0,-112.20352,-236.9,-686.95232,-785.2,-490.59615999999994,-275.0
314,-34.3,-54.704159999999995,-88.2,-182.0,-110.37311999999999,-236.9,-675.74592,-785.2,-482.59295999999995,-275.0
315,-34.3,-56.51856,-88.2,-182.0,-114.03392,-236.9,-698.15872,-785.2,-498.59935999999993,-275.0
316,-34.3,-61.961760000000005,-88.2,-182.0,-125.01632000000001,-236.9,-765.3971200000001,-785.2,-546.61856,-275.0
317,-34.3,-63.776160000000004,-88.2,-182.0,-128.67712,-236.9,-787.8099200000001,-785.2,-562.62496,-275.0
318,-34.3,-60.14736,-88.2,-182.0,-121.35552,-236.9,-742.98432,-785.2,-530.61216,-275.0
319,-34.3,-54.704159999999995,-88.2,-182.0,-110.37311999999999,-236.9,-675.74592,-785.2,-482.59295999999995,-275.0
320,-34.3,-50.984640000000006,-88.2,-182.0,-102.86848,-236.9,-629.7996800000001,-785.2,-449.77984,-275.0
321,-34.3,-47.35584,-88.2,-182.0,-95.54688,-236.9,-584.9740800000001,-785.2,-417.76703999999995,-275.0
322,-34.3,-44.63424,-88.2,-182.0,-90.05568,-236.9,-551.35488,-785.2,-393.7574399999999,-275.0
323,-34.3,-41.912639999999996,-88.2,-182.0,-84.56447999999999,-236.9,-517.73568,-785.2,-369.74783999999994,-275.0
324,-34.3,-40.00752,-88.2,-182.0,-80.72064,-236.9,-494.2022400000001,-785.2,-352.94112,-275.0
325,-34.3,-38.19312,-88.2,-182.0,-77.05984,-236.9,-471.78944000000007,-785.2,-336.93471999999997,-275.0
326,-34.3,-36.37872,-88.2,-182.0,-73.39904,-236.9,-449.37664,-785.2,-320.92832,-275.0
327,-34.3,-35.47152,-88.2,-182.0,-71.56864,-236.9,-438.17024000000004,-785.2,-312.92511999999994,-275.0
328,-34.3,-33.65712,-88.2,-182.0,-67.90784,-236.9,-415.75744,-785.2,-296.91871999999995,-275.0
329,-34.3,-32.749919999999996,-88.2,-182.0,-66.07744,-236.9,-404.55104,-785.2,-288.91551999999996,-275.0
330,-34.3,-31.842719999999996,-88.2,-182.0,-64.24703999999998,-236.9,-393.34463999999997,-785.2,-280.9123199999999,-275.0
331,-34.3,-30.02832,-88.2,-182.0,-60.58624,-236.9,-370.93184,-785.2,-264.90592,-275.0
332,-34.3,-27.215999999999998,-88.2,-182.0,-54.91199999999999,-236.9,-336.192,-785.2,-240.09599999999995,-275.0
333,-34.3,-25.401599999999995,-88.2,-182.0,-51.25119999999999,-236.9,-313.77919999999995,-785.2,-224.08959999999993,-275.0
334,-34.3,-24.4944,-88.2,-182.0,-49.42079999999999,-236.9,-302.5728,-785.2,-216.08639999999997,-275.0
335,-34.3,-23.587199999999996,-88.2,-182.0,-47.590399999999995,-236.9,-291.3664,-785.2,-208.08319999999995,-275.0
336,-34.3,-22.679999999999996,-88.2,-182.0,-45.75999999999999,-236.9,-280.15999999999997,-785.2,-200.07999999999996,-275.0
337,-34.3,-22.679999999999996,-88.2,-182.0,-45.75999999999999,-236.9,-280.15999999999997,-785.2,-200.07999999999996,-275.0
338,-34.3,-22.679999999999996,-88.2,-182.0,-45.75999999999999,-236.9,-280.15999999999997,-785.2,-200.07999999999996,-275.0
339,-34.3,-22.679999999999996,-88.2,-182.0,-45.75999999999999,-236.9,-280.15999999999997,-785.2,-200.07999999999996,-275.0
340,-34.3,-22.679999999999996,-88.2,-182.0,-45.75999999999999,-236.9,-280.15999999999997,-785.2,-200.07999999999996,-275.0
341,-34.3,-22.679999999999996,-88.2,-182.0,-45.75999999999999,-236.9,-280.15999999999997,-785.2,-200.07999999999996,-275.0
342,-34.3,-22.679999999999996,-88.2,-182.0,-45.75999999999999,-236.9,-280.15999999999997,-785.2,-200.07999999999996,-275.0
343,-34.3,-22.679999999999996,-88.2,-182.0,-45.75999999999999,-236.9,-280.15999999999997,-785.2,-200.07999999999996,-275.0
344,-34.3,-22.679999999999996,-88.2,-182.0,-45.75999999999999,-236.9,-280.15999999999997,-785.2,-200.07999999999996,-275.0
345,-34.3,-22.679999999999996,-88.2,-182.0,-45.75999999999999,-236.9,-280.15999999999997,-785.2,-200.07999999999996,-275.0
346,-34.3,-22.679999999999996,-88.2,-182.0,-45.75999999999999,-236.9,-280.15999999999997,-785.2,-200.07999999999996,-275.0
347,-34.3,-22.679999999999996,-88.2,-182.0,-45.75999999999999,-236.9,-280.15999999999997,-785.2,-200.07999999999996,-275.0
348,-34.3,-22.679999999999996,-88.2,-182.0,-45.75999999999999,-236.9,-280.15999999999997,-785.2,-200.07999999999996,-275.0
349,-34.3,-22.679999999999996,-88.2,-182.0,-45.75999999999999,-236.9,-280.15999999999997,-785.2,-200.07999999999996,-275.0
350,-34.3,-22.679999999999996,-88.2,-182.0,-45.75999999999999,-236.9,-280.15999999999997,-785.2,-200.07999999999996,-275.0
351,-34.3,-22.679999999999996,-88.2,-182.0,-45.75999999999999,-236.9,-280.15999999999997,-785.2,-200.07999999999996,-275.0
352,-34.3,-22.679999999999996,-88.2,-182.0,-45.75999999999999,-236.9,-280.15999999999997,-785.2,-200.07999999999996,-275.0
353,-34.3,-22.679999999999996,-88.2,-182.0,-45.75999999999999,-236.9,-280.15999999999997,-785.2,-200.07999999999996,-275.0
354,-34.3,-22.679999999999996,-88.2,-182.0,-45.75999999999999,-236.9,-280.15999999999997,-785.2,-200.07999999999996,-275.0
355,-34.3,-22.679999999999996,-88.2,-182.0,-45.75999999999999,-236.9,-280.15999999999997,-785.2,-200.07999999999996,-275.0
356,-34.3,-22.679999999999996,-88.2,-182.0,-45.75999999999999,-236.9,-280.15999999999997,-785.2,-200.07999999999996,-275.0
357,-34.3,-22.679999999999996,-88.2,-182.0,-45.75999999999999,-236.9,-280.15999999999997,-785.2,-200.07999999999996,-275.0
358,-34.3,-22.679999999999996,-88.2,-182.0,-45.75999999999999,-236.9,-280.15999999999997,-785.2,-200.07999999999996,-275.0
359,-34.3,-22.679999999999996,-88.2,-182.0,-45.75999999999999,-236.9,-280.15999999999997,-785.2,-200.07999999999996,-275.0
360,-34.3,-22.679999999999996,-88.2,-182.0,-45.75999999999999,-236.9,-280.15999999999997,-785.2,-200.07999999999996,-275.0
361,-34.3,-22.679999999999996,-88.2,-182.0,-45.75999999999999,-236.9,-280.15999999999997,-785.2,-200.07999999999996,-275.0
362,-34.3,-22.679999999999996,-88.2,-182.0,-45.75999999999999,-236.9,-280.15999999999997,-785.2,-200.07999999999996,-275.0
363,-34.3,-22.679999999999996,-88.2,-182.0,-45.75999999999999,-236.9,-280.15999999999997,-785.2,-200.07999999999996,-275.0
364,-34.3,-22.679999999999996,-88.2,-182.0,-45.75999999999999,-236.9,-280.15999999999997,-785.2,-200.07999999999996,-275.0
365,-34.3,-22.679999999999996,-88.2,-182.0,-45.75999999999999,-236.9,-280.15999999999997,-785.2,-200.07999999999996,-275.0
366,-34.3,-22.679999999999996,-88.2,-182.0,-45.75999999999999,-236.9,-280.15999999999997,-785.2,-200.07999999999996,-275.0
367,-34.3,-22.679999999999996,-88.2,-182.0,-45.75999999999999,-236.9,-280.15999999999997,-785.2,-200.07999999999996,-275.0
368,-34.3,-22.679999999999996,-88.2,-182.0,-45.75999999999999,-236.9,-280.15999999999997,-785.2,-200.07999999999996,-275.0
369,-34.3,-22.679999999999996,-88.2,-182.0,-45.75999999999999,-236.9,-280.15999999999997,-785.2,-200.07999999999996,-275.0
370,-34.3,-22.679999999999996,-88.2,-182.0,-45.75999999999999,-236.9,-280.15999999999997,-785.2,-200.07999999999996,-275.0
371,-34.3,-22.679999999999996,-88.2,-182.0,-45.75999999999999,-236.9,-280.15999999999997,-785.2,-200.07999999999996,-275.0
372,-34.3,-22.679999999999996,-88.2,-182.0,-45.75999999999999,-236.9,-280.15999999999997,-785.2,-200.07999999999996,-275.0
373,-34.3,-22.679999999999996,-88.2,-182.0,-45.75999999999999,-236.9,-280.15999999999997,-785.2,-200.07999999999996,-275.0
374,-34.3,-22.679999999999996,-88.2,-182.0,-45.75999999999999,-236.9,-280.15999999999997,-785.2,-200.07999999999996,-275.0
375,-34.3,-22.679999999999996,-88.2,-182.0,-45.75999999999999,-236.9,-280.15999999999997,-785.2,-200.07999999999996,-275.0
376,-34.3,-22.679999999999996,-88.2,-182.0,-45.75999999999999,-236.9,-280.15999999999997,-785.2,-200.07999999999996,-275.0
377,-34.3,-22.679999999999996,-88.2,-182.0,-45.75999999999999,-236.9,-280.15999999999997,-785.2,-200.07999999999996,-275.0
378,-34.3,-22.679999999999996,-88.2,-182.0,-45.75999999999999,-236.9,-280.15999999999997,-785.2,-200.07999999999996,-275.0
379,-34.3,-22.679999999999996,-88.2,-182.0,-45.75999999999999,-236.9,-280.15999999999997,-785.2,-200.07999999999996,-275.0
380,-34.3,-22.679999999999996,-88.2,-182.0,-45.75999999999999,-236.9,-280.15999999999997,-785.2,-200.07999999999996,-275.0
381,-34.3,-22.679999999999996,-88.2,-182.0,-45.75999999999999,-236.9,-280.15999999999997,-785.2,-200.07999999999996,-275.0
382,-34.3,-22.679999999999996,-88.2,-182.0,-45.75999999999999,-236.9,-280.15999999999997,-785.2,-200.07999999999996,-275.0
383,-34.3,-22.679999999999996,-88.2,-182.0,-45.75999999999999,-236.9,-280.15999999999997,-785.2,-200.07999999999996,-275.0
384,-34.3,-22.679999999999996,-88.2,-182.0,-45.75999999999999,-236.9,-280.15999999999997,-785.2,-200.07999999999996,-275.0
385,-34.3,-22.679999999999996,-88.2,-182.0,-45.75999999999999,-236.9,-280.15999999999997,-785.2,-200.07999999999996,-275.0
386,-34.3,-22.679999999999996,-88.2,-182.0,-45.75999999999999,-236.9,-280.15999999999997,-785.2,-200.07999999999996,-275.0
387,-34.3,-22.679999999999996,-88.2,-182.0,-45.75999999999999,-236.9,-280.15999999999997,-785.2,-200.07999999999996,-275.0
388,-34.3,-22.679999999999996,-88.2,-182.0,-45.75999999999999,-236.9,-280.15999999999997,-785.2,-200.07999999999996,-275.0
389,-34.3,-22.679999999999996,-88.2,-182.0,-45.75999999999999,-236.9,-280.15999999999997,-785.2,-200.07999999999996,-275.0
390,-34.3,-22.679999999999996,-88.2,-182.0,-45.75999999999999,-236.9,-280.15999999999997,-785.2,-200.07999999999996,-275.0
391,-34.3,-22.679999999999996,-88.2,-182.0,-45.75999999999999,-236.9,-280.15999999999997,-785.2,-200.07999999999996,-275.0
392,-34.3,-22.679999999999996,-88.2,-182.0,-45.75999999999999,-236.9,-280.15999999999997,-785.2,-200.07999999999996,-275.0
393,-34.3,-22.679999999999996,-88.2,-182.0,-45.75999999999999,-236.9,-280.15999999999997,-785.2,-200.07999999999996,-275.0
394,-34.3,-22.679999999999996,-88.2,-182.0,-45.75999999999999,-236.9,-280.15999999999997,-785.2,-200.07999999999996,-275.0
395,-34.3,-22.679999999999996,-88.2,-182.0,-45.75999999999999,-236.9,-280.15999999999997,-785.2,-200.07999999999996,-275.0
396,-34.3,-22.679999999999996,-88.2,-182.0,-45.75999999999999,-236.9,-280.15999999999997,-785.2,-200.07999999999996,-275.0
397,-34.3,-22.679999999999996,-88.2,-182.0,-45.75999999999999,-236.9,-280.15999999999997,-785.2,-200.07999999999996,-275.0
398,-34.3,-22.679999999999996,-88.2,-182.0,-45.75999999999999,-236.9,-280.15999999999997,-785.2,-200.07999999999996,-275.0
399,-34.3,-22.679999999999996,-88.2,-182.0,-45.75999999999999,-236.9,-280.15999999999997,-785.2,-200.07999999999996,-275.0
400,-34.3,-22.679999999999996,-88.2,-182.0,-45.75999999999999,-236.9,-280.15999999999997,-785.2,-200.07999999999996,-275.0
401,-34.3,-22.679999999999996,-88.2,-182.0,-45.75999999999999,-236.9,-280.15999999999997,-785.2,-200.07999999999996,-275.0
402,-34.3,-22.679999999999996,-88.2,-182.0,-45.75999999999999,-236.9,-280.15999999999997,-785.2,-200.07999999999996,-275.0
403,-34.3,-22.679999999999996,-88.2,-182.0,-45.75999999999999,-236.9,-280.15999999999997,-785.2,-200.07999999999996,-275.0
404,-34.3,-22.679999999999996,-88.2,-182.0,-45.75999999999999,-236.9,-280.15999999999997,-785.2,-200.07999999999996,-275.0
405,-34.3,-22.679999999999996,-88.2,-182.0,-45.75999999999999,-236.9,-280.15999999999997,-785.2,-200.07999999999996,-275.0
406,-34.3,-22.679999999999996,-88.2,-182.0,-45.75999999999999,-236.9,-280.15999999999997,-785.2,-200.07999999999996,-275.0
407,-34.3,-22.679999999999996,-88.2,-182.0,-45.75999999999999,-236.9,-280.15999999999997,-785.2,-200.07999999999996,-275.0
408,-34.3,-22.679999999999996,-88.2,-182.0,-45.75999999999999,-236.9,-280.15999999999997,-785.2,-200.07999999999996,-275.0
409,-34.3,-22.679999999999996,-88.2,-182.0,-45.75999999999999,-236.9,-280.15999999999997,-785.2,-200.07999999999996,-275.0
410,-34.3,-22.679999999999996,-88.2,-182.0,-45.75999999999999,-236.9,-280.15999999999997,-785.2,-200.07999999999996,-275.0
411,-34.3,-22.679999999999996,-88.2,-182.0,-45.75999999999999,-236.9,-280.15999999999997,-785.2,-200.07999999999996,-275.0
412,-34.3,-22.679999999999996,-88.2,-182.0,-45.75999999999999,-236.9,-280.15999999999997,-785.2,-200.07999999999996,-275.0
413,-34.3,-22.679999999999996,-88.2,-182.0,-45.75999999999999,-236.9,-280.15999999999997,-785.2,-200.07999999999996,-275.0
414,-34.3,-22.679999999999996,-88.2,-182.0,-45.75999999999999,-236.9,-280.15999999999997,-785.2,-200.07999999999996,-275.0
415,-34.3,-22.679999999999996,-88.2,-182.0,-45.75999999999999,-236.9,-280.15999999999997,-785.2,-200.07999999999996,-275.0
416,-34.3,-22.679999999999996,-88.2,-182.0,-45.75999999999999,-236.9,-280.15999999999997,-785.2,-200.07999999999996,-275.0
417,-34.3,-22.679999999999996,-88.2,-182.0,-45.75999999999999,-236.9,-280.15999999999997,-785.2,-200.07999999999996,-275.0
418,-34.3,-22.679999999999996,-88.2,-182.0,-45.75999999999999,-236.9,-280.15999999999997,-785.2,-200.07999999999996,-275.0
419,-34.3,-22.679999999999996,-88.2,-182.0,-45.75999999999999,-236.9,-280.15999999999997,-785.2,-200.07999999999996,-275.0
420,-34.3,-22.679999999999996,-88.2,-182.0,-45.75999999999999,-236.9,-280.15999999999997,-785.2,-200.07999999999996,-275.0
421,-34.3,-22.679999999999996,-88.2,-182.0,-45.75999999999999,-236.9,-280.15999999999997,-785.2,-200.07999999999996,-275.0
422,-34.3,-22.679999999999996,-88.2,-182.0,-45.75999999999999,-236.9,-280.15999999999997,-785.2,-200.07999999999996,-275.0
423,-34.3,-22.679999999999996,-88.2,-182.0,-45.75999999999999,-236.9,-280.15999999999997,-785.2,-200.07999999999996,-275.0
424,-34.3,-22.679999999999996,-88.2,-182.0,-45.75999999999999,-236.9,-280.15999999999997,-785.2,-200.07999999999996,-275.0
425,-34.3,-22.679999999999996,-88.2,-182.0,-45.75999999999999,-236.9,-280.15999999999997,-785.2,-200.07999999999996,-275.0
426,-34.3,-22.679999999999996,-88.2,-182.0,-45.75999999999999,-236.9,-280.15999999999997,-785.2,-200.07999999999996,-275.0
427,-34.3,-22.679999999999996,-88.2,-182.0,-45.75999999999999,-236.9,-280.15999999999997,-785.2,-200.07999999999996,-275.0
428,-34.3,-22.679999999999996,-88.2,-182.0,-45.75999999999999,-236.9,-280.15999999999997,-785.2,-200.07999999999996,-275.0
429,-34.3,-22.679999999999996,-88.2,-182.0,-45.75999999999999,-236.9,-280.15999999999997,-785.2,-200.07999999999996,-275.0
430,-34.3,-22.679999999999996,-88.2,-182.0,-45.75999999999999,-236.9,-280.15999999999997,-785.2,-200.07999999999996,-275.0
431,-34.3,-22.679999999999996,-88.2,-182.0,-45.75999999999999,-236.9,-280.15999999999997,-785.2,-200.07999999999996,-275.0
432,-34.3,-22.679999999999996,-88.2,-182.0,-45.75999999999999,-236.9,-280.15999999999997,-785.2,-200.07999999999996,-275.0
433,-34.3,-22.679999999999996,-88.2,-182.0,-45.75999999999999,-236.9,-280.15999999999997,-785.2,-200.07999999999996,-275.0
434,-34.3,-22.679999999999996,-88.2,-182.0,-45.75999999999999,-236.9,-280.15999999999997,-785.2,-200.07999999999996,-275.0
435,-34.3,-22.679999999999996,-88.2,-182.0,-45.75999999999999,-236.9,-280.15999999999997,-785.2,-200.07999999999996,-275.0
436,-34.3,-22.679999999999996,-88.2,-182.0,-45.75999999999999,-236.9,-280.15999999999997,-785.2,-200.07999999999996,-275.0
437,-34.3,-22.679999999999996,-88.2,-182.0,-45.75999999999999,-236.9,-280.15999999999997,-785.2,-200.07999999999996,-275.0
438,-34.3,-22.679999999999996,-88.2,-182.0,-45.75999999999999,-236.9,-280.15999999999997,-785.2,-200.07999999999996,-275.0
439,-34.3,-22.679999999999996,-88.2,-182.0,-45.75999999999999,-236.9,-280.15999999999997,-785.2,-200.07999999999996,-275.0
440,-34.3,-22.679999999999996,-88.2,-182.0,-45.75999999999999,-236.9,-280.15999999999997,-785.2,-200.07999999999996,-275.0
441,-34.3,-22.679999999999996,-88.2,-182.0,-45.75999999999999,-236.9,-280.15999999999997,-785.2,-200.07999999999996,-275.0
442,-34.3,-22.679999999999996,-88.2,-182.0,-45.75999999999999,-236.9,-280.15999999999997,-785.2,-200.07999999999996,-275.0
443,-34.3,-22.679999999999996,-88.2,-182.0,-45.75999999999999,-236.9,-280.15999999999997,-785.2,-200.07999999999996,-275.0
444,-34.3,-22.679999999999996,-88.2,-182.0,-45.75999999999999,-236.9,-280.15999999999997,-785.2,-200.07999999999996,-275.0
445,-34.3,-22.679999999999996,-88.2,-182.0,-45.75999999999999,-236.9,-280.15999999999997,-785.2,-200.07999999999996,-275.0
446,-34.3,-22.679999999999996,-88.2,-182.0,-45.75999999999999,-236.9,-280.15999999999997,-785.2,-200.07999999999996,-275.0
447,-34.3,-22.679999999999996,-88.2,-182.0,-45.75999999999999,-236.9,-280.15999999999997,-785.2,-200.07999999999996,-275.0
448,-34.3,-22.679999999999996,-88.2,-182.0,-45.75999999999999,-236.9,-280.15999999999997,-785.2,-200.07999999999996,-275.0
449,-34.3,-22.679999999999996,-88.2,-182.0,-45.75999999999999,-236.9,-280.15999999999997,-785.2,-200.07999999999996,-275.0
450,-34.3,-22.679999999999996,-88.2,-182.0,-45.75999999999999,-236.9,-280.15999999999997,-785.2,-200.07999999999996,-275.0
451,-34.3,-22.679999999999996,-88.2,-182.0,-45.75999999999999,-236.9,-280.15999999999997,-785.2,-200.07999999999996,-275.0
452,-34.3,-22.679999999999996,-88.2,-182.0,-45.75999999999999,-236.9,-280.15999999999997,-785.2,-200.07999999999996,-275.0
453,-34.3,-22.679999999999996,-88.2,-182.0,-45.75999999999999,-236.9,-280.15999999999997,-785.2,-200.07999999999996,-275.0
454,-34.3,-22.679999999999996,-88.2,-182.0,-45.75999999999999,-236.9,-280.15999999999997,-785.2,-200.07999999999996,-275.0
455,-34.3,-22.679999999999996,-88.2,-182.0,-45.75999999999999,-236.9,-280.15999999999997,-785.2,-200.07999999999996,-275.0
456,-34.3,-22.679999999999996,-88.2,-182.0,-45.75999999999999,-236.9,-280.15999999999997,-785.2,-200.07999999999996,-275.0
457,-34.3,-22.679999999999996,-88.2,-182.0,-45.75999999999999,-236.9,-280.15999999999997,-785.2,-200.07999999999996,-275.0
458,-34.3,-22.679999999999996,-88.2,-182.0,-45.75999999999999,-236.9,-280.15999999999997,-785.2,-200.07999999999996,-275.0
459,-34.3,-22.679999999999996,-88.2,-182.0,-45.75999999999999,-236.9,-280.15999999999997,-785.2,-200.07999999999996,-275.0
460,-34.3,-22.679999999999996,-88.2,-182.0,-45.75999999999999,-236.9,-280.15999999999997,-785.2,-200.07999999999996,-275.0
461,-34.3,-22.679999999999996,-88.2,-182.0,-45.75999999999999,-236.9,-280.15999999999997,-785.2,-200.07999999999996,-275.0
462,-34.3,-22.679999999999996,-88.2,-182.0,-45.75999999999999,-236.9,-280.15999999999997,-785.2,-200.07999999999996,-275.0
463,-34.3,-22.679999999999996,-88.2,-182.0,-45.75999999999999,-236.9,-280.15999999999997,-785.2,-200.07999999999996,-275.0
464,-34.3,-22.679999999999996,-88.2,-182.0,-45.75999999999999,-236.9,-280.15999999999997,-785.2,-200.07999999999996,-275.0
465,-34.3,-22.679999999999996,-88.2,-182.0,-45.75999999999999,-236.9,-280.15999999999997,-785.2,-200.07999999999996,-275.0
466,-34.3,-22.679999999999996,-88.2,-182.0,-45.75999999999999,-236.9,-280.15999999999997,-785.2,-200.07999999999996,-275.0
467,-34.3,-22.679999999999996,-88.2,-182.0,-45.75999999999999,-236.9,-280.15999999999997,-785.2,-200.07999999999996,-275.0
468,-34.3,-22.679999999999996,-88.2,-182.0,-45.75999999999999,-236.9,-280.15999999999997,-785.2,-200.07999999999996,-275.0
469,-34.3,-22.679999999999996,-88.2,-182.0,-45.75999999999999,-236.9,-280.15999999999997,-785.2,-200.07999999999996,-275.0
470,-34.3,-22.679999999999996,-88.2,-182.0,-45.75999999999999,-236.9,-280.15999999999997,-785.2,-200.07999999999996,-275.0
471,-34.3,-22.679999999999996,-88.2,-182.0,-45.75999999999999,-236.9,-280.15999999999997,-785.2,-200.07999999999996,-275.0
472,-34.3,-22.679999999999996,-88.2,-182.0,-45.75999999999999,-236.9,-280.15999999999997,-785.2,-200.07999999999996,-275.0
473,-34.3,-22.679999999999996,-88.2,-182.0,-45.75999999999999,-236.9,-280.15999999999997,-785.2,-200.07999999999996,-275.0
474,-34.3,-22.679999999999996,-88.2,-182.0,-45.75999999999999,-236.9,-280.15999999999997,-785.2,-200.07999999999996,-275.0
475,-34.3,-22.679999999999996,-88.2,-182.0,-45.75999999999999,-236.9,-280.15999999999997,-785.2,-200.07999999999996,-275.0
476,-34.3,-22.679999999999996,-88.2,-182.0,-45.75999999999999,-236.9,-280.15999999999997,-785.2,-200.07999999999996,-275.0
477,-34.3,-22.679999999999996,-88.2,-182.0,-45.75999999999999,-236.9,-280.15999999999997,-785.2,-200.07999999999996,-275.0
478,-34.3,-22.679999999999996,-88.2,-182.0,-45.75999999999999,-236.9,-280.15999999999997,-785.2,-200.07999999999996,-275.0
479,-34.3,-22.679999999999996,-88.2,-182.0,-45.75999999999999,-236.9,-280.15999999999997,-785.2,-200.07999999999996,-275.0
480,-34.3,-22.679999999999996,-88.2,-182.0,-45.75999999999999,-236.9,-280.15999999999997,-785.2,-200.07999999999996,-275.0
481,-34.3,-22.679999999999996,-88.2,-182.0,-45.75999999999999,-236.9,-280.15999999999997,-785.2,-200.07999999999996,-275.0
482,-34.3,-22.679999999999996,-88.2,-182.0,-45.75999999999999,-236.9,-280.15999999999997,-785.2,-200.07999999999996,-275.0
483,-34.3,-22.679999999999996,-88.2,-182.0,-45.75999999999999,-236.9,-280.15999999999997,-785.2,-200.07999999999996,-275.0
484,-34.3,-22.679999999999996,-88.2,-182.0,-45.75999999999999,-236.9,-280.15999999999997,-785.2,-200.07999999999996,-275.0
485,-34.3,-22.679999999999996,-88.2,-182.0,-45.75999999999999,-236.9,-280.15999999999997,-785.2,-200.07999999999996,-275.0
486,-34.3,-22.679999999999996,-88.2,-182.0,-45.75999999999999,-236.9,-280.15999999999997,-785.2,-200.07999999999996,-275.0
487,-34.3,-22.679999999999996,-88.2,-182.0,-45.75999999999999,-236.9,-280.15999999999997,-785.2,-200.07999999999996,-275.0
488,-34.3,-22.679999999999996,-88.2,-182.0,-45.75999999999999,-236.9,-280.15999999999997,-785.2,-200.07999999999996,-275.0
489,-34.3,-22.679999999999996,-88.2,-182.0,-45.75999999999999,-236.9,-280.15999999999997,-785.2,-200.07999999999996,-275.0
490,-34.3,-22.679999999999996,-88.2,-182.0,-45.75999999999999,-236.9,-280.15999999999997,-785.2,-200.07999999999996,-275.0
491,-34.3,-22.679999999999996,-88.2,-182.0,-45.75999999999999,-236.9,-280.15999999999997,-785.2,-200.07999999999996,-275.0
492,-34.3,-22.679999999999996,-88.2,-182.0,-45.75999999999999,-236.9,-280.15999999999997,-785.2,-200.07999999999996,-275.0
493,-34.3,-22.679999999999996,-88.2,-182.0,-45.75999999999999,-236.9,-280.15999999999997,-785.2,-200.07999999999996,-275.0
494,-34.3,-22.679999999999996,-88.2,-182.0,-45.75999999999999,-236.9,-280.15999999999997,-785.2,-200.07999999999996,-275.0
495,-34.3,-22.679999999999996,-88.2,-182.0,-45.75999999999999,-236.9,-280.15999999999997,-785.2,-200.07999999999996,-275.0
496,-34.3,-22.679999999999996,-88.2,-182.0,-45.75999999999999,-236.9,-280.15999999999997,-785.2,-200.07999999999996,-275.0
497,-34.3,-22.679999999999996,-88.2,-182.0,-45.75999999999999,-236.9,-280.15999999999997,-785.2,-200.07999999999996,-275.0
498,-34.3,-22.679999999999996,-88.2,-182.0,-45.75999999999999,-236.9,-280.15999999999997,-785.2,-200.07999999999996,-275.0
499,-34.3,-22.679999999999996,-88.2,-182.0,-45.75999999999999,-236.9,-280.15999999999997,-785.2,-200.07999999999996,-275.0
500,-34.3,-22.679999999999996,-88.2,-182.0,-45.75999999999999,-236.9,-280.15999999999997,-785.2,-200.07999999999996,-275.0
501,-34.3,-22.679999999999996,-88.2,-182.0,-45.75999999999999,-236.9,-280.15999999999997,-785.2,-200.07999999999996,-275.0
502,-34.3,-22.679999999999996,-88.2,-182.0,-45.75999999999999,-236.9,-280.15999999999997,-785.2,-200.07999999999996,-275.0
503,-34.3,-22.679999999999996,-88.2,-182.0,-45.75999999999999,-236.9,-280.15999999999997,-785.2,-200.07999999999996,-275.0
504,-34.3,-96.70752,-88.2,-182.0,-195.12064,-236.9,-1194.6022400000002,-785.2,-853.14112,-275.0
505,-34.3,-95.80032,-88.2,-182.0,-193.29024,-236.9,-1183.3958400000001,-785.2,-845.13792,-275.0
506,-34.3,-98.52192000000001,-88.2,-182.0,-198.78144,-236.9,-1217.0150400000002,-785.2,-869.14752,-275.0
507,-34.3,-107.68464,-88.2,-182.0,-217.26848,-236.9,-1330.1996800000002,-785.2,-949.97984,-275.0
508,-34.3,-123.19776000000002,-88.2,-182.0,-248.56832000000003,-236.9,-1521.8291200000003,-785.2,-1086.83456,-275.0
509,-34.3,-131.45328,-88.2,-182.0,-260.0,-236.9,-1623.8073600000002,-785.2,-1159.6636799999999,-275.0
510,-34.3,-128.64095999999998,-88.2,-182.0,-259.55071999999996,-236.9,-1589.06752,-785.2,-1134.8537599999997,-275.0
511,-34.3,-125.01215999999998,-88.2,-182.0,-252.22911999999997,-236.9,-1544.24192,-785.2,-1102.8409599999998,-275.0
512,-34.3,-120.47616000000001,-88.2,-182.0,-243.07712,-236.9,-1488.2099200000002,-785.2,-1062.82496,-275.0
513,-34.3,-117.75456,-88.2,-182.0,-237.58592000000002,-236.9,-1454.5907200000001,-785.2,-1038.81536,-275.0
514,-34.3,-115.84943999999999,-88.2,-182.0,-233.74208,-236.9,-1431.05728,-785.2,-1022.0086399999998,-275.0
515,-34.3,-114.03503999999998,-88.2,-182.0,-230.08127999999996,-236.9,-1408.64448,-785.2,-1006.0022399999998,-275.0
516,-34.3,-113.12784,-88.2,-182.0,-228.25088000000002,-236.9,-1397.4380800000001,-785.2,-997.99904,-275.0
517,-34.3,-114.03503999999998,-88.2,-182.0,-230.08127999999996,-236.9,-1408.64448,-785.2,-1006.0022399999998,-275.0
518,-34.3,-115.84943999999999,-88.2,-182.0,-233.74208,-236.9,-1431.05728,-785.2,-1022.0086399999998,-275.0
519,-34.3,-118.66176,-88.2,-182.0,-239.41632,-236.9,-1465.7971200000002,-785.2,-1046.81856,-275.0
520,-34.3,-122.29056000000001,-88.2,-182.0,-246.73792000000003,-236.9,-1510.6227200000003,-785.2,-1078.83136,-275.0
521,-34.3,-125.91935999999998,-88.2,-182.0,-254.05951999999996,-236.9,-1555.44832,-785.2,-1110.8441599999999,-275.0
522,-34.3,-126.82655999999999,-88.2,-182.0,-255.88992,-236.9,-1566.65472,-785.2,-1118.8473599999998,-275.0
523,-34.3,-128.64095999999998,-88.2,-182.0,-259.55071999999996,-236.9,-1589.06752,-785.2,-1134.8537599999997,-275.0
524,-34.3,-124.10496,-88.2,-182.0,-250.39872000000003,-236.9,-1533.0355200000004,-785.2,-1094.8377600000001,-275.0
525,-34.3,-114.03503999999998,-88.2,-182.0,-230.08127999999996,-236.9,-1408.64448,-785.2,-1006.0022399999998,-275.0
526,-34.3,-105.87024000000001,-88.2,-182.0,-213.60768000000002,-236.9,-1307.78688,-785.2,-933.97344,-275.0
527,-34.3,-102.15072,-88.2,-182.0,-206.10304000000002,-236.9,-1261.8406400000001,-785.2,-901.1603200000001,-275.0
528,-34.3,-105.87024000000001,-88.2,-182.0,-213.60768000000002,-236.9,-1307.78688,-785.2,-933.97344,-275.0
529,-34.3,-107.68464,-88.2,-182.0,-217.26848,-236.9,-1330.1996800000002,-785.2,-949.97984,-275.0
530,-34.3,-112.22064,-88.2,-182.0,-226.42048000000003,-236.9,-1386.2316800000003,-785.2,-989.99584,-275.0
531,-34.3,-125.01215999999998,-88.2,-182.0,-252.22911999999997,-236.9,-1544.24192,-785.2,-1102.8409599999998,-275.0
532,-34.3,-146.96640000000002,-88.2,-182.0,-260.0,-236.9,-1815.4368000000004,-785.2,-1296.5184,-275.0
533,-34.3,-158.85072000000002,-88.2,-182.0,-260.0,-236.9,-1962.2406400000002,-785.2,-1401.36032,-275.0
534,-34.3,-158.85072000000002,-88.2,-182.0,-260.0,-236.9,-1962.2406400000002,-785.2,-1401.36032,-275.0
535,-34.3,-157.94352,-88.2,-182.0,-260.0,-236.9,-1951.0342400000004,-785.2,-1393.35712,-275.0
536,-34.3,-157.94352,-88.2,-182.0,-260.0,-236.9,-1951.0342400000004,-785.2,-1393.35712,-275.0
537,-34.3,-158.85072000000002,-88.2,-182.0,-260.0,-236.9,-1962.2406400000002,-785.2,-1401.36032,-275.0
538,-34.3,-158.85072000000002,-88.2,-182.0,-260.0,-236.9,-1962.2406400000002,-785.2,-1401.36032,-275.0
539,-34.3,-160.66512,-88.2,-182.0,-260.0,-236.9,-1984.6534400000003,-785.2,-1417.36672,-275.0
540,-34.3,-163.38672000000003,-88.2,-182.0,-260.0,-236.9,-2018.2726400000004,-785.2,-1441.37632,-275.0
541,-34.3,-167.10624,-88.2,-182.0,-260.0,-236.9,-2064.2188800000004,-785.2,-1474.1894399999999,-275.0
542,-34.3,-170.73504000000003,-88.2,-182.0,-260.0,-236.9,-2109.0444800000005,-785.2,-1506.20224,-275.0
543,-34.3,-176.17824000000002,-88.2,-182.0,-260.0,-236.9,-2176.28288,-785.2,-1554.22144,-275.0
544,-34.3,-181.71216,-88.2,-182.0,-260.0,-236.9,-2244.6419200000005,-785.2,-1603.04096,-275.0
545,-34.3,-184.43376,-88.2,-182.0,-260.0,-236.9,-2278.2611200000006,-785.2,-1627.0505600000001,-275.0
546,-34.3,-185.34096000000002,-88.2,-182.0,-260.0,-236.9,-2289.4675200000006,-785.2,-1635.05376,-275.0
547,-34.3,-183.52656000000002,-88.2,-182.0,-260.0,-236.9,-2267.0547200000005,-785.2,-1619.04736,-275.0
548,-34.3,-176.17824000000002,-88.2,-182.0,-260.0,-236.9,-2176.28288,-785.2,-1554.22144,-275.0
549,-34.3,-161.57232000000002,-88.2,-182.0,-260.0,-236.9,-1995.8598400000003,-785.2,-1425.36992,-275.0
550,-34.3,-149.688,-88.2,-182.0,-260.0,-236.9,-1849.056,-785.2,-1320.5279999999998,-275.0
551,-34.3,-143.3376,-88.2,-182.0,-260.0,-236.9,-1770.6112000000003,-785.2,-1264.5056,-275.0
552,-34.3,-146.96640000000002,-88.2,-182.0,-260.0,-236.9,-1815.4368000000004,-785.2,-1296.5184,-275.0
553,-34.3,-148.7808,-88.2,-182.0,-260.0,-236.9,-1837.8496,-785.2,-1312.5248,-275.0
554,-34.3,-153.3168,-88.2,-182.0,-260.0,-236.9,-1893.8816000000002,-785.2,-1352.5407999999998,-275.0
555,-34.3,-165.20112000000003,-88.2,-182.0,-260.0,-236.9,-2040.6854400000004,-785.2,-1457.38272,-275.0
556,-34.3,-191.69136000000003,-88.2,-182.0,-260.0,-236.9,-2367.9123200000004,-785.2,-1691.07616,-275.0
557,-34.3,-205.48080000000002,-88.2,-182.0,-260.0,-236.9,-2538.2496000000006,-785.2,-1812.7248,-275.0
558,-34.3,-201.76128000000003,-88.2,-182.0,-260.0,-236.9,-2492.3033600000003,-785.2,-1779.9116800000002,-275.0
559,-34.3,-199.03968000000003,-88.2,-182.0,-260.0,-236.9,-2458.6841600000002,-785.2,-1755.90208,-275.0
560,-34.3,-195.41088000000002,-88.2,-182.0,-260.0,-236.9,-2413.8585600000006,-785.2,-1723.88928,-275.0
561,-34.3,-191.69136000000003,-88.2,-182.0,-260.0,-236.9,-2367.9123200000004,-785.2,-1691.07616,-275.0
562,-34.3,-188.96976,-88.2,-182.0,-260.0,-236.9,-2334.2931200000003,-785.2,-1667.06656,-275.0
563,-34.3,-186.24816,-88.2,-182.0,-260.0,-236.9,-2300.6739200000006,-785.2,-1643.0569600000001,-275.0
564,-34.3,-186.24816,-88.2,-182.0,-260.0,-236.9,-2300.6739200000006,-785.2,-1643.0569600000001,-275.0
565,-34.3,-187.15536000000003,-88.2,-182.0,-260.0,-236.9,-2311.88032,-785.2,-1651.06016,-275.0
566,-34.3,-188.06256000000002,-88.2,-182.0,-260.0,-236.9,-2323.0867200000002,-785.2,-1659.06336,-275.0
567,-34.3,-193.59648,-88.2,-182.0,-260.0,-236.9,-2391.4457600000005,-785.2,-1707.8828800000001,-275.0
568,-34.3,-196.31808,-88.2,-182.0,-260.0,-236.9,-2425.0649600000006,-785.2,-1731.89248,-275.0
569,-34.3,-198.13248000000002,-88.2,-182.0,-260.0,-236.9,-2447.47776,-785.2,-1747.89888,-275.0
570,-34.3,-197.22528000000003,-88.2,-182.0,-260.0,-236.9,-2436.2713600000006,-785.2,-1739.89568,-275.0
571,-34.3,-196.31808,-88.2,-182.0,-260.0,-236.9,-2425.0649600000006,-785.2,-1731.89248,-275.0
572,-34.3,-187.15536000000003,-88.2,-182.0,-260.0,-236.9,-2311.88032,-785.2,-1651.06016,-275.0
573,-34.3,-173.45664000000002,-88.2,-182.0,-260.0,-236.9,-2142.6636800000006,-785.2,-1530.21184,-275.0
574,-34.3,-159.75792,-88.2,-182.0,-260.0,-236.9,-1973.4470400000002,-785.2,-1409.36352,-275.0
575,-34.3,-157.03632000000002,-88.2,-182.0,-260.0,-236.9,-1939.8278400000004,-785.2,-1385.35392,-275.0
576,-34.3,-158.85072000000002,-88.2,-182.0,-260.0,-236.9,-1962.2406400000002,-785.2,-1401.36032,-275.0
577,-34.3,-158.85072000000002,-88.2,-182.0,-260.0,-236.9,-1962.2406400000002,-785.2,-1401.36032,-275.0
578,-34.3,-158.85072000000002,-88.2,-182.0,-260.0,-236.9,-1962.2406400000002,-785.2,-1401.36032,-275.0
579,-34.3,-162.47952,-88.2,-182.0,-260.0,-236.9,-2007.0662400000003,-785.2,-1433.37312,-275.0
580,-34.3,-172.54944,-88.2,-182.0,-260.0,-236.9,-2131.4572800000005,-785.2,-1522.20864,-275.0
581,-34.3,-200.85408,-88.2,-182.0,-260.0,-236.9,-2481.0969600000003,-785.2,-1771.90848,-275.0
582,-34.3,-210.0,-88.2,-182.0,-260.0,-236.9,-2650.3136000000004,-785.2,-1892.7568,-275.0
583,-34.3,-210.0,-88.2,-182.0,-260.0,-236.9,-2605.4880000000003,-785.2,-1860.7440000000001,-275.0
584,-34.3,-209.10960000000003,-88.2,-182.0,-260.0,-236.9,-2583.0752000000007,-785.2,-1844.7376,-275.0
585,-34.3,-206.388,-88.2,-182.0,-260.0,-236.9,-2549.4560000000006,-785.2,-1820.728,-275.0
586,-34.3,-203.57568000000003,-88.2,-182.0,-260.0,-236.9,-2514.7161600000004,-785.2,-1795.9180800000001,-275.0
587,-34.3,-201.76128000000003,-88.2,-182.0,-260.0,-236.9,-2492.3033600000003,-785.2,-1779.9116800000002,-275.0
588,-34.3,-200.85408,-88.2,-182.0,-260.0,-236.9,-2481.0969600000003,-785.2,-1771.90848,-275.0
589,-34.3,-200.85408,-88.2,-182.0,-260.0,-236.9,-2481.0969600000003,-785.2,-1771.90848,-275.0
590,-34.3,-203.57568000000003,-88.2,-182.0,-260.0,-236.9,-2514.7161600000004,-785.2,-1795.9180800000001,-275.0
591,-34.3,-205.48080000000002,-88.2,-182.0,-260.0,-236.9,-2538.2496000000006,-785.2,-1812.7248,-275.0
592,-34.3,-210.0,-88.2,-182.0,-260.0,-236.9,-2605.4880000000003,-785.2,-1860.7440000000001,-275.0
593,-34.3,-210.0,-88.2,-182.0,-260.0,-236.9,-2650.3136000000004,-785.2,-1892.7568,-275.0
594,-34.3,-210.0,-88.2,-182.0,-260.0,-236.9,-2685.0534400000006,-785.2,-1917.56672,-275.0
595,-34.3,-210.0,-88.2,-182.0,-260.0,-236.9,-2696.2598400000006,-785.2,-1925.56992,-275.0
596,-34.3,-210.0,-88.2,-182.0,-260.0,-236.9,-2672.7264,-785.2,-1908.7631999999999,-275.0
597,-34.3,-207.29520000000002,-88.2,-182.0,-260.0,-236.9,-2560.6624000000006,-785.2,-1828.7312,-275.0
598,-34.3,-193.59648,-88.2,-182.0,-260.0,-236.9,-2391.4457600000005,-785.2,-1707.8828800000001,-275.0
599,-34.3,-177.99264000000002,-88.2,-182.0,-260.0,-236.9,-2198.6956800000003,-785.2,-1570.22784,-275.0
600,-34.3,-177.08544000000003,-88.2,-182.0,-260.0,-236.9,-2187.4892800000002,-785.2,-1562.2246400000001,-275.0
601,-34.3,-178.89984,-88.2,-182.0,-260.0,-236.9,-2209.9020800000003,-785.2,-1578.2310400000001,-275.0
602,-34.3,-181.71216,-88.2,-182.0,-260.0,-236.9,-2244.6419200000005,-785.2,-1603.04096,-275.0
603,-34.3,-186.24816,-88.2,-182.0,-260.0,-236.9,-2300.6739200000006,-785.2,-1643.0569600000001,-275.0
604,-34.3,-198.13248000000002,-88.2,-182.0,-260.0,-236.9,-2447.47776,-785.2,-1747.89888,-275.0
605,-34.3,-210.0,-88.2,-182.0,-260.0,-236.9,-2819.530240000001,-785.2,-2013.6051200000004,-275.0
606,-34.3,-210.0,-88.2,-182.0,-260.0,-236.9,-2988.74688,-785.2,-2134.45344,-275.0
607,-34.3,-210.0,-88.2,-182.0,-260.0,-236.9,-2910.302080000001,-785.2,-2078.4310400000004,-275.0
608,-34.3,-210.0,-88.2,-182.0,-260.0,-236.9,-2899.095680000001,-785.2,-2070.4278400000003,-275.0
609,-34.3,-210.0,-88.2,-182.0,-260.0,-236.9,-2854.2700800000007,-785.2,-2038.4150400000003,-275.0
610,-34.3,-210.0,-88.2,-182.0,-260.0,-236.9,-2808.3238400000005,-785.2,-2005.6019199999998,-275.0
611,-34.3,-210.0,-88.2,-182.0,-260.0,-236.9,-2752.2918400000003,-785.2,-1965.58592,-275.0
612,-34.3,-210.0,-88.2,-182.0,-260.0,-236.9,-2718.6726400000007,-785.2,-1941.5763200000001,-275.0
613,-34.3,-210.0,-88.2,-182.0,-260.0,-236.9,-2696.2598400000006,-785.2,-1925.56992,-275.0
614,-34.3,-210.0,-88.2,-182.0,-260.0,-236.9,-2685.0534400000006,-785.2,-1917.56672,-275.0
615,-34.3,-210.0,-88.2,-182.0,-260.0,-236.9,-2696.2598400000006,-785.2,-1925.56992,-275.0
616,-34.3,-210.0,-88.2,-182.0,-260.0,-236.9,-2729.8790400000003,-785.2,-1949.57952,-275.0
617,-34.3,-210.0,-88.2,-182.0,-260.0,-236.9,-2752.2918400000003,-785.2,-1965.58592,-275.0
618,-34.3,-210.0,-88.2,-182.0,-260.0,-236.9,-2741.0854400000003,-785.2,-1957.58272,-275.0
619,-34.3,-210.0,-88.2,-182.0,-260.0,-236.9,-2718.6726400000007,-785.2,-1941.5763200000001,-275.0
620,-34.3,-210.0,-88.2,-182.0,-260.0,-236.9,-2661.5200000000004,-785.2,-1900.76,-275.0
621,-34.3,-206.388,-88.2,-182.0,-260.0,-236.9,-2549.4560000000006,-785.2,-1820.728,-275.0
622,-34.3,-190.78416,-88.2,-182.0,-260.0,-236.9,-2356.7059200000003,-785.2,-1683.07296,-275.0
623,-34.3,-175.27104000000003,-88.2,-182.0,-260.0,-236.9,-2165.07648,-785.2,-1546.2182400000002,-275.0
624,-34.3,-172.54944,-88.2,-182.0,-260.0,-236.9,-2131.4572800000005,-785.2,-1522.20864,-275.0
625,-34.3,-173.45664000000002,-88.2,-182.0,-260.0,-236.9,-2142.6636800000006,-785.2,-1530.21184,-275.0
626,-34.3,-174.36384,-88.2,-182.0,-260.0,-236.9,-2153.8700800000006,-785.2,-1538.21504,-275.0
627,-34.3,-177.99264000000002,-88.2,-182.0,-260.0,-236.9,-2198.6956800000003,-785.2,-1570.22784,-275.0
628,-34.3,-188.06256000000002,-88.2,-182.0,-260.0,-236.9,-2323.0867200000002,-785.2,-1659.06336,-275.0
629,-34.3,-210.0,-88.2,-182.0,-260.0,-236.9,-2661.5200000000004,-785.2,-1900.76,-275.0
630,-34.3,-210.0,-88.2,-182.0,-260.0,-236.9,-2808.3238400000005,-785.2,-2005.6019199999998,-275.0
631,-34.3,-210.0,-88.2,-182.0,-260.0,-236.9,-2729.8790400000003,-785.2,-1949.57952,-275.0
632,-34.3,-210.0,-88.2,-182.0,-260.0,-236.9,-2707.4662400000007,-785.2,-1933.57312,-275.0
633,-34.3,-210.0,-88.2,-182.0,-260.0,-236.9,-2650.3136000000004,-785.2,-1892.7568,-275.0
634,-34.3,-209.10960000000003,-88.2,-182.0,-260.0,-236.9,-2583.0752000000007,-785.2,-1844.7376,-275.0
635,-34.3,-204.48288000000002,-88.2,-182.0,-260.0,-236.9,-2525.9225600000004,-785.2,-1803.92128,-275.0
636,-34.3,-201.76128000000003,-88.2,-182.0,-260.0,-236.9,-2492.3033600000003,-785.2,-1779.9116800000002,-275.0
637,-34.3,-199.03968000000003,-88.2,-182.0,-260.0,-236.9,-2458.6841600000002,-785.2,-1755.90208,-275.0
638,-34.3,-198.13248000000002,-88.2,-182.0,-260.0,-236.9,-2447.47776,-785.2,-1747.89888,-275.0
639,-34.3,-198.13248000000002,-88.2,-182.0,-260.0,-236.9,-2447.47776,-785.2,-1747.89888,-275.0
640,-34.3,-199.94688000000002,-88.2,-182.0,-260.0,-236.9,-2469.8905600000003,-785.2,-1763.90528,-275.0
641,-34.3,-201.76128000000003,-88.2,-182.0,-260.0,-236.9,-2492.3033600000003,-785.2,-1779.9116800000002,-275.0
642,-34.3,-199.94688000000002,-88.2,-182.0,-260.0,-236.9,-2469.8905600000003,-785.2,-1763.90528,-275.0
643,-34.3,-198.13248000000002,-88.2,-182.0,-260.0,-236.9,-2447.47776,-785.2,-1747.89888,-275.0
644,-34.3,-193.59648,-88.2,-182.0,-260.0,-236.9,-2391.4457600000005,-785.2,-1707.8828800000001,-275.0
645,-34.3,-183.52656000000002,-88.2,-182.0,-260.0,-236.9,-2267.0547200000005,-785.2,-1619.04736,-275.0
646,-34.3,-166.10832000000002,-88.2,-182.0,-260.0,-236.9,-2051.8918400000002,-785.2,-1465.3859200000002,-275.0
647,-34.3,-150.59519999999998,-88.2,-182.0,-260.0,-236.9,-1860.2624,-785.2,-1328.5312,-275.0
648,-34.3,-144.2448,-88.2,-182.0,-260.0,-236.9,-1781.8176000000003,-785.2,-1272.5088,-275.0
649,-34.3,-145.15200000000002,-88.2,-182.0,-260.0,-236.9,-1793.0240000000003,-785.2,-1280.512,-275.0
650,-34.3,-144.2448,-88.2,-182.0,-260.0,-236.9,-1781.8176000000003,-785.2,-1272.5088,-275.0
651,-34.3,-146.0592,-88.2,-182.0,-260.0,-236.9,-1804.2304000000004,-785.2,-1288.5152,-275.0
652,-34.3,-153.3168,-88.2,-182.0,-260.0,-236.9,-1893.8816000000002,-785.2,-1352.5407999999998,-275.0
653,-34.3,-176.17824000000002,-88.2,-182.0,-260.0,-236.9,-2176.28288,-785.2,-1554.22144,-275.0
654,-34.3,-185.34096000000002,-88.2,-182.0,-260.0,-236.9,-2289.4675200000006,-785.2,-1635.05376,-275.0
655,-34.3,-180.80496000000002,-88.2,-182.0,-260.0,-236.9,-2233.4355200000005,-785.2,-1595.03776,-275.0
656,-34.3,-177.08544000000003,-88.2,-182.0,-260.0,-236.9,-2187.4892800000002,-785.2,-1562.2246400000001,-275.0
657,-34.3,-174.36384,-88.2,-182.0,-260.0,-236.9,-2153.8700800000006,-785.2,-1538.21504,-275.0
658,-34.3,-170.73504000000003,-88.2,-182.0,-260.0,-236.9,-2109.0444800000005,-785.2,-1506.20224,-275.0
659,-34.3,-167.10624,-88.2,-182.0,-260.0,-236.9,-2064.2188800000004,-785.2,-1474.1894399999999,-275.0
660,-34.3,-165.20112000000003,-88.2,-182.0,-260.0,-236.9,-2040.6854400000004,-785.2,-1457.38272,-275.0
661,-34.3,-165.20112000000003,-88.2,-182.0,-260.0,-236.9,-2040.6854400000004,-785.2,-1457.38272,-275.0
662,-34.3,-166.10832000000002,-88.2,-182.0,-260.0,-236.9,-2051.8918400000002,-785.2,-1465.3859200000002,-275.0
663,-34.3,-168.01344,-88.2,-182.0,-260.0,-236.9,-2075.4252800000004,-785.2,-1482.19264,-275.0
664,-34.3,-170.73504000000003,-88.2,-182.0,-260.0,-236.9,-2109.0444800000005,-785.2,-1506.20224,-275.0
665,-34.3,-173.45664000000002,-88.2,-182.0,-260.0,-236.9,-2142.6636800000006,-785.2,-1530.21184,-275.0
666,-34.3,-174.36384,-88.2,-182.0,-260.0,-236.9,-2153.8700800000006,-785.2,-1538.21504,-275.0
667,-34.3,-174.36384,-88.2,-182.0,-260.0,-236.9,-2153.8700800000006,-785.2,-1538.21504,-275.0
668,-34.3,-171.64224000000002,-88.2,-182.0,-260.0,-236.9,-2120.2508800000005,-785.2,-1514.20544,-275.0
669,-34.3,-164.29392,-88.2,-182.0,-260.0,-236.9,-2029.4790400000004,-785.2,-1449.37952,-275.0
670,-34.3,-148.7808,-88.2,-182.0,-260.0,-236.9,-1837.8496,-785.2,-1312.5248,-275.0
671,-34.3,-136.89648,-88.2,-182.0,-260.0,-236.9,-1691.04576,-785.2,-1207.6828799999998,-275.0
